review_id,order_id,customer_id,restaurant_id,courier_id,rating,language,review_text,review_date
1,1,44,4,20,2,en,Order was late and the courier never called when they couldn't find our building. Diavola was barely warm.,2024-04-09
2,2,42,18,57,5,en,"Fast delivery and the Penne Arrabbiata arrived perfectly hot. Great job Hensley, Johnson and Adams!",2023-04-12
3,3,140,14,97,3,en,"Delivery took about as long as the app estimated. order tasted fine, would order again if nothing closer is open.",2022-05-06
4,4,146,44,87,1,en,The Mushroom Swiss Burger from Whitaker-Paul was soggy by the time it got to us. Not ordering from here again.,2023-06-20
5,5,113,26,77,2,en,Wrong items in the bag - we ordered Dish and got something else entirely. Refund requested.,2022-01-12
6,6,393,9,98,1,en,"Lowe, Ewing and Short used to be reliable but the last few orders have been late and the Cheesecake portion has shrunk.",2022-11-17
7,7,255,48,56,3,en,"Williams LLC got the order right this time, Tagliatelle al Ragù was okay, packaging could be better.",2022-05-23
8,8,118,33,72,3,en,"The Prosciutto e Funghi from Murphy and Sons was fine, nothing special. Delivery was on time at least.",2024-06-05
9,9,442,48,6,2,en,Disappointed with Williams LLC - the Lentil Soup arrived cold and the order took much longer than promised.,2022-01-22
10,10,295,28,74,5,en,"Best Crème Brûlée in the area, hands down. Combs-Stone never disappoints.",2024-02-17
11,11,59,26,3,2,en,The Dish from Lang PLC was soggy by the time it got to us. Not ordering from here again.,2022-07-09
12,12,471,24,12,1,en,"The Diavola from Bell, Williamson and Duncan was soggy by the time it got to us. Not ordering from here again.",2024-07-16
13,13,302,26,68,4,en,"Five stars. Lang PLC nailed the Fettuccine Alfredo again, still hot and packed carefully. Courier was polite and on time.",2023-03-10
14,14,174,15,43,4,en,The Margherita from Cooper and Sons was excellent and the courier was friendly and quick. Will order again!,2022-03-26
15,15,262,13,100,3,en,Average experience. Dish was decent but a bit pricey for the portion size.,2023-01-22
16,16,53,10,33,3,en,"Delivery took about as long as the app estimated. Dish tasted fine, would order again if nothing closer is open.",2022-07-13
17,17,39,12,99,5,en,"Best Dish in the area, hands down. Cruz, Jackson and Kane never disappoints. Delivery driver even called ahead, nice touch.",2023-06-29
18,18,474,37,83,2,en,Wrong items in the bag - we ordered Dish and got something else entirely. Refund requested.,2024-12-19
19,19,162,10,57,1,en,Order was late and the courier never called when they couldn't find our building. Dish was barely warm.,2023-05-29
20,20,303,4,46,2,en,"The Diavola from Howell Group was soggy by the time it got to us. Not ordering from here again. Had to track down the courier ourselves, no updates on the app.",2022-03-25
21,21,20,4,48,4,en,The Diavola from Howell Group was excellent and the courier was friendly and quick. Will order again!,2022-03-29
22,22,305,33,50,2,en,Wrong items in the bag - we ordered Double Beef Burger and got something else entirely. Refund requested.,2023-10-01
23,23,466,37,84,4,en,"Fast delivery and the Greek Salad arrived perfectly hot. Great job Guzman, Brown and Larsen!",2022-12-22
24,24,78,4,58,3,en,Average experience. Quattro Formaggi was decent but a bit pricey for the portion size.,2024-06-09
25,25,44,33,83,2,en,The Double Beef Burger from Murphy and Sons was soggy by the time it got to us. Not ordering from here again.,2022-02-15
26,26,269,34,79,5,en,Really happy with this order - Vegan Buddha Bowl was fresh and the courier kept us updated the whole way.,2023-02-03
27,27,210,50,44,3,en,"The Dish from Kelly, Harris and Pruitt was fine, nothing special. Delivery was on time at least.",2023-10-18
28,28,169,7,72,4,en,"Fast delivery and the Spaghetti Carbonara arrived perfectly hot. Great job Castaneda, Day and Weaver! Courier was polite and on time.",2023-02-28
29,29,437,43,78,4,en,"Five stars. Arnold, Montgomery and Doyle nailed the Dish again, still hot and packed carefully. Delivery driver even called ahead, nice touch.",2023-01-03
30,30,159,42,90,5,en,Really happy with this order - BBQ Burger was fresh and the courier kept us updated the whole way.,2023-03-09
31,31,287,25,83,3,en,"The Tagliatelle al Ragù from Hill-Mckay was fine, nothing special. Delivery was on time at least.",2024-06-10
32,32,331,43,55,3,en,"Delivery took about as long as the app estimated. Penne Arrabbiata tasted fine, would order again if nothing closer is open.",2023-02-01
33,33,93,14,44,4,en,"Five stars. Jensen-Watkins nailed the order again, still hot and packed carefully.",2022-08-01
34,34,40,19,13,1,en,"Order was late and the courier never called when they couldn't find our building. BBQ Burger was barely warm. Had to track down the courier ourselves, no updates on the app.",2024-04-25
35,35,339,22,99,4,en,"Five stars. Sanders, Smith and Smith nailed the Spaghetti Carbonara again, still hot and packed carefully.",2022-05-25
36,36,84,12,89,5,en,Really happy with this order - Ravioli Ricotta e Spinaci was fresh and the courier kept us updated the whole way.,2024-06-07
37,37,225,3,53,5,en,"Fast delivery and the Fettuccine Alfredo arrived perfectly hot. Great job Garcia, Pena and Adams! Delivery driver even called ahead, nice touch.",2024-01-15
38,38,313,19,97,1,en,The BBQ Burger from Thomas-Williamson was soggy by the time it got to us. Not ordering from here again.,2022-09-15
39,39,495,31,25,4,en,"Five stars. Johnson, Roberts and Smith nailed the Dish again, still hot and packed carefully.",2024-01-14
40,40,394,19,100,3,en,"Delivery took about as long as the app estimated. Vegan Chili tasted fine, would order again if nothing closer is open.",2023-07-09
41,41,419,13,78,1,en,"Gallegos, Taylor and West used to be reliable but the last few orders have been late and the Dish portion has shrunk.",2024-08-14
42,42,247,24,71,5,en,"Five stars. Bell, Williamson and Duncan nailed the Waldorf Salad again, still hot and packed carefully.",2024-02-22
43,43,146,6,98,5,en,"Best Caprese Salad in the area, hands down. Neal, Gomez and Watkins never disappoints.",2022-10-27
44,44,426,28,12,1,en,"Disappointed with Combs-Stone - the Tagliatelle al Ragù arrived cold and the order took much longer than promised. Had to track down the courier ourselves, no updates on the app.",2024-06-16
45,45,213,4,51,5,en,"Five stars. Howell Group nailed the Diavola again, still hot and packed carefully.",2023-02-16
46,46,192,15,4,5,en,Really happy with this order - Caesar Salad was fresh and the courier kept us updated the whole way.,2024-10-18
47,47,71,3,37,1,en,"Disappointed with Garcia, Pena and Adams - the Fettuccine Alfredo arrived cold and the order took much longer than promised.",2024-02-03
48,48,241,29,79,4,en,"Five stars. Cooper, Ross and Perkins nailed the Dish again, still hot and packed carefully. Courier was polite and on time.",2024-09-22
49,49,111,10,71,4,en,Really happy with this order - Prosciutto e Funghi was fresh and the courier kept us updated the whole way.,2023-08-03
50,50,122,20,16,3,en,"Garza-Shea got the order right this time, Lentil Soup was okay, packaging could be better.",2022-09-19
51,51,57,32,77,3,en,"Delivery took about as long as the app estimated. Classic Cheeseburger tasted fine, would order again if nothing closer is open.",2022-01-20
52,52,124,46,19,1,en,Order was late and the courier never called when they couldn't find our building. Cobb Salad was barely warm.,2023-04-19
53,53,293,27,24,2,en,Disappointed with Rodriguez-Murray - the Tofu Stir-Fry arrived cold and the order took much longer than promised.,2024-01-06
54,54,35,34,70,5,en,The Prosciutto e Funghi from Houston Inc was excellent and the courier was friendly and quick. Will order again!,2024-05-14
55,55,11,25,61,3,en,Average experience. Greek Salad was decent but a bit pricey for the portion size.,2023-12-01
56,56,383,2,46,3,en,"Jackson, Walters and Michael got the order right this time, Tagliatelle al Ragù was okay, packaging could be better.",2023-01-14
57,57,377,49,43,1,en,"Disappointed with Myers, Shelton and Garcia - the Cheesecake arrived cold and the order took much longer than promised. Had to track down the courier ourselves, no updates on the app.",2022-02-19
58,58,417,42,23,3,en,"Olson-Estrada got the order right this time, Diavola was okay, packaging could be better.",2023-05-27
59,59,94,9,9,5,en,"Five stars. Lowe, Ewing and Short nailed the Diavola again, still hot and packed carefully. Delivery driver even called ahead, nice touch.",2024-05-03
60,60,151,13,6,2,en,Order was late and the courier never called when they couldn't find our building. Dish was barely warm. Courier was rude when we asked about the delay.,2024-08-29
61,61,264,26,70,3,en,"Delivery took about as long as the app estimated. Fettuccine Alfredo tasted fine, would order again if nothing closer is open.",2022-10-08
62,62,183,50,7,2,en,"Disappointed with Kelly, Harris and Pruitt - the Dish arrived cold and the order took much longer than promised. Courier was rude when we asked about the delay.",2023-01-01
63,63,224,26,96,1,en,"Disappointed with Lang PLC - the Fettuccine Alfredo arrived cold and the order took much longer than promised. Had to track down the courier ourselves, no updates on the app.",2024-09-07
64,64,499,12,64,4,en,Really happy with this order - Ravioli Ricotta e Spinaci was fresh and the courier kept us updated the whole way.,2023-07-03
65,65,411,6,94,3,en,Average experience. Crème Brûlée was decent but a bit pricey for the portion size.,2022-03-30
66,66,151,21,14,5,en,"Best Quattro Formaggi in the area, hands down. Duran PLC never disappoints.",2022-12-26
67,67,229,39,92,5,en,"Fast delivery and the Cobb Salad arrived perfectly hot. Great job Meyer-Carrillo! Delivery driver even called ahead, nice touch.",2022-07-05
68,68,229,3,94,2,en,Order was late and the courier never called when they couldn't find our building. Ravioli Ricotta e Spinaci was barely warm. Courier was rude when we asked about the delay.,2023-11-08
69,69,328,4,10,5,en,"Fast delivery and the Diavola arrived perfectly hot. Great job Howell Group! Delivery driver even called ahead, nice touch.",2023-11-30
70,70,411,48,87,2,en,Order was late and the courier never called when they couldn't find our building. Spaghetti Carbonara was barely warm.,2024-11-13
71,71,348,29,5,5,en,"Fast delivery and the Grilled Vegetable Skewers arrived perfectly hot. Great job Cooper, Ross and Perkins!",2022-03-16
72,72,197,37,5,3,en,"Guzman, Brown and Larsen got the order right this time, Greek Salad was okay, packaging could be better.",2022-06-19
73,73,191,29,98,5,en,"Best Dish in the area, hands down. Cooper, Ross and Perkins never disappoints. Delivery driver even called ahead, nice touch.",2023-09-24
74,74,204,21,84,4,en,Fast delivery and the Quattro Formaggi arrived perfectly hot. Great job Duran PLC!,2022-10-02
75,75,377,12,64,3,en,"Delivery took about as long as the app estimated. Dish tasted fine, would order again if nothing closer is open.",2023-03-03
76,76,397,17,91,4,en,"Best Dish in the area, hands down. Rojas-Tanner never disappoints. Courier was polite and on time.",2022-08-25
77,77,470,32,26,4,en,"Five stars. Jackson, Bowman and Drake nailed the Dish again, still hot and packed carefully.",2022-06-01
78,78,89,46,57,4,en,The Pepperoni from Smith Group was excellent and the courier was friendly and quick. Will order again!,2024-06-09
79,79,178,46,9,3,en,"The Pepperoni from Smith Group was fine, nothing special. Delivery was on time at least.",2023-08-21
80,80,365,46,90,4,en,"Fast delivery and the Pepperoni arrived perfectly hot. Great job Smith Group! Delivery driver even called ahead, nice touch.",2022-07-11
81,81,115,8,26,3,en,"Bell-Jimenez got the order right this time, order was okay, packaging could be better.",2022-09-18
82,82,185,36,74,5,en,"Fast delivery and the Falafel Bowl arrived perfectly hot. Great job Sanders LLC! Delivery driver even called ahead, nice touch.",2023-05-31
83,83,314,6,9,1,en,"Neal, Gomez and Watkins used to be reliable but the last few orders have been late and the Caprese Salad portion has shrunk.",2023-03-16
84,84,211,50,53,4,en,"Best Dish in the area, hands down. Kelly, Harris and Pruitt never disappoints.",2022-03-22
85,85,38,29,60,1,en,"The Mushroom Swiss Burger from Cooper, Ross and Perkins was soggy by the time it got to us. Not ordering from here again.",2023-07-24
86,86,328,38,24,3,en,"The Bacon Burger from Nelson LLC was fine, nothing special. Delivery was on time at least.",2023-04-23
87,87,266,10,39,3,en,"Delivery took about as long as the app estimated. Dish tasted fine, would order again if nothing closer is open.",2022-06-27
88,88,486,34,37,3,en,"The Vegan Buddha Bowl from Houston Inc was fine, nothing special. Delivery was on time at least.",2022-10-04
89,89,65,41,39,5,en,Really happy with this order - Dish was fresh and the courier kept us updated the whole way.,2023-08-09
90,90,87,38,75,3,en,"Nelson LLC got the order right this time, Calzone was okay, packaging could be better.",2022-07-10
91,91,22,2,11,2,en,"Jackson, Walters and Michael used to be reliable but the last few orders have been late and the Dish portion has shrunk.",2024-11-06
92,92,108,50,74,3,en,"The Dish from Kelly, Harris and Pruitt was fine, nothing special. Delivery was on time at least.",2023-11-12
93,93,456,41,70,2,en,Order was late and the courier never called when they couldn't find our building. Caprese Salad was barely warm.,2023-12-05
94,94,126,44,52,4,en,The Tiramisu from Whitaker-Paul was excellent and the courier was friendly and quick. Will order again!,2023-05-15
95,95,226,27,62,5,en,The Grilled Vegetable Skewers from Rodriguez-Murray was excellent and the courier was friendly and quick. Will order again!,2022-08-14
96,96,442,46,41,4,en,"Five stars. Smith Group nailed the Classic Cheeseburger again, still hot and packed carefully.",2024-12-08
97,97,264,36,14,4,en,"Five stars. Sanders LLC nailed the Falafel Bowl again, still hot and packed carefully.",2022-09-22
98,98,231,16,19,1,en,Order was late and the courier never called when they couldn't find our building. Lasagna was barely warm.,2022-02-26
99,99,215,16,21,3,en,Average experience. Quattro Formaggi was decent but a bit pricey for the portion size.,2024-10-21
100,100,391,11,64,4,en,Really happy with this order - Dish was fresh and the courier kept us updated the whole way.,2023-05-30
101,101,12,6,51,5,en,"Fast delivery and the Crème Brûlée arrived perfectly hot. Great job Neal, Gomez and Watkins!",2023-05-18
102,102,299,23,7,2,en,Wrong items in the bag - we ordered Dish and got something else entirely. Refund requested. Courier was rude when we asked about the delay.,2022-11-08
103,103,275,1,14,2,en,Wrong items in the bag - we ordered Lasagna and got something else entirely. Refund requested. Courier was rude when we asked about the delay.,2022-05-28
104,104,188,49,52,1,en,"Disappointed with Myers, Shelton and Garcia - the Greek Salad arrived cold and the order took much longer than promised.",2022-02-20
105,105,288,13,47,5,en,"Best Dish in the area, hands down. Gallegos, Taylor and West never disappoints. Courier was polite and on time.",2022-11-15
106,106,231,49,71,3,en,"Myers, Shelton and Garcia got the order right this time, Ravioli Ricotta e Spinaci was okay, packaging could be better.",2024-06-26
107,107,500,7,51,5,en,"Fast delivery and the Dish arrived perfectly hot. Great job Castaneda, Day and Weaver!",2024-05-23
108,108,481,24,97,1,en,Wrong items in the bag - we ordered Diavola and got something else entirely. Refund requested.,2022-08-09
109,109,257,3,6,4,en,Really happy with this order - Vegan Chili was fresh and the courier kept us updated the whole way. Courier was polite and on time.,2022-06-02
110,110,266,30,20,4,en,"The Tagliatelle al Ragù from Rodriguez, James and Frank was excellent and the courier was friendly and quick. Will order again!",2024-09-06
111,111,477,40,41,2,en,The Ravioli Ricotta e Spinaci from Hawkins PLC was soggy by the time it got to us. Not ordering from here again.,2023-03-10
112,112,173,33,66,3,en,"Delivery took about as long as the app estimated. Double Beef Burger tasted fine, would order again if nothing closer is open.",2023-06-24
113,113,418,2,48,1,en,Wrong items in the bag - we ordered Tagliatelle al Ragù and got something else entirely. Refund requested.,2024-01-10
114,114,158,47,89,3,en,Average experience. Cobb Salad was decent but a bit pricey for the portion size.,2022-02-02
115,115,496,42,100,2,en,"The Dish from Olson-Estrada was soggy by the time it got to us. Not ordering from here again. Had to track down the courier ourselves, no updates on the app.",2023-09-26
116,116,246,11,68,3,en,"The Dish from Dominguez-Short was fine, nothing special. Delivery was on time at least.",2024-03-04
117,117,421,44,32,5,en,The Fettuccine Alfredo from Whitaker-Paul was excellent and the courier was friendly and quick. Will order again!,2023-09-23
118,118,10,29,41,4,en,"Fast delivery and the Dish arrived perfectly hot. Great job Cooper, Ross and Perkins!",2022-06-19
119,119,257,50,79,4,en,"The Caesar Salad from Kelly, Harris and Pruitt was excellent and the courier was friendly and quick. Will order again! Courier was polite and on time.",2024-08-15
120,120,71,34,27,1,en,"Disappointed with Houston Inc - the Prosciutto e Funghi arrived cold and the order took much longer than promised. Had to track down the courier ourselves, no updates on the app.",2022-12-24
121,121,193,21,23,1,en,Duran PLC used to be reliable but the last few orders have been late and the Vegan Chili portion has shrunk.,2024-09-29
122,122,182,44,99,1,en,"Whitaker-Paul used to be reliable but the last few orders have been late and the Tiramisu portion has shrunk. Had to track down the courier ourselves, no updates on the app.",2023-12-07
123,123,248,13,32,1,en,Wrong items in the bag - we ordered Chocolate Brownie and got something else entirely. Refund requested.,2023-09-07
124,124,395,19,91,1,en,The Vegan Chili from Thomas-Williamson was soggy by the time it got to us. Not ordering from here again. Courier was rude when we asked about the delay.,2024-01-30
125,125,246,23,72,3,en,"Ellis, Parks and Jimenez got the order right this time, Bacon Burger was okay, packaging could be better.",2022-11-12
126,126,459,26,45,3,en,"The Fettuccine Alfredo from Lang PLC was fine, nothing special. Delivery was on time at least.",2022-11-16
127,127,41,23,57,4,en,Really happy with this order - Tiramisu was fresh and the courier kept us updated the whole way.,2022-10-12
128,128,104,35,35,4,en,Really happy with this order - Dish was fresh and the courier kept us updated the whole way. Courier was polite and on time.,2024-02-04
129,129,316,48,76,2,en,Williams LLC used to be reliable but the last few orders have been late and the Dish portion has shrunk.,2022-09-25
130,130,327,15,7,3,en,Average experience. Caesar Salad was decent but a bit pricey for the portion size.,2023-04-01
131,131,349,50,18,5,en,"Best Dish in the area, hands down. Kelly, Harris and Pruitt never disappoints.",2024-11-23
132,132,335,31,62,3,en,"Delivery took about as long as the app estimated. Napolitana tasted fine, would order again if nothing closer is open.",2022-08-07
133,133,147,42,8,2,en,The Dish from Olson-Estrada was soggy by the time it got to us. Not ordering from here again.,2023-12-17
134,134,379,47,5,1,en,The Apple Strudel from Herman-Williams was soggy by the time it got to us. Not ordering from here again.,2023-04-05
135,135,429,26,64,3,en,"Delivery took about as long as the app estimated. Fettuccine Alfredo tasted fine, would order again if nothing closer is open.",2024-10-24
136,136,5,20,73,5,en,"Best BBQ Burger in the area, hands down. Garza-Shea never disappoints.",2022-05-01
137,137,233,42,70,4,en,"Five stars. Olson-Estrada nailed the Diavola again, still hot and packed carefully.",2023-06-26
138,138,240,18,25,2,en,"Hensley, Johnson and Adams used to be reliable but the last few orders have been late and the Penne Arrabbiata portion has shrunk.",2022-12-31
139,139,132,46,24,2,en,Wrong items in the bag - we ordered Classic Cheeseburger and got something else entirely. Refund requested.,2024-03-18
140,140,346,49,25,3,en,"Delivery took about as long as the app estimated. Cheesecake tasted fine, would order again if nothing closer is open.",2023-11-03
141,141,264,21,12,3,en,"Delivery took about as long as the app estimated. Dish tasted fine, would order again if nothing closer is open.",2024-01-05
142,142,245,21,32,4,en,The Vegan Chili from Duran PLC was excellent and the courier was friendly and quick. Will order again!,2022-10-15
143,143,386,18,43,5,en,"Best Penne Arrabbiata in the area, hands down. Hensley, Johnson and Adams never disappoints.",2023-10-02
144,144,335,24,89,3,en,"Bell, Williamson and Duncan got the order right this time, Diavola was okay, packaging could be better.",2022-03-10
145,145,158,11,52,4,en,"Five stars. Dominguez-Short nailed the Tofu Stir-Fry again, still hot and packed carefully.",2023-07-08
146,146,61,41,38,3,en,"The Dish from Peters, Golden and Ballard was fine, nothing special. Delivery was on time at least.",2023-11-06
147,147,245,10,59,1,en,"Wrong items in the bag - we ordered Fettuccine Alfredo and got something else entirely. Refund requested. Had to track down the courier ourselves, no updates on the app.",2023-02-15
148,148,388,35,86,2,en,"Order was late and the courier never called when they couldn't find our building. Dish was barely warm. Had to track down the courier ourselves, no updates on the app.",2024-04-15
149,149,229,34,91,3,en,"Houston Inc got the order right this time, Prosciutto e Funghi was okay, packaging could be better.",2022-03-27
150,150,425,36,65,3,en,Average experience. Falafel Bowl was decent but a bit pricey for the portion size.,2023-09-20
151,151,168,34,57,4,en,"Best Prosciutto e Funghi in the area, hands down. Houston Inc never disappoints.",2024-01-17
152,152,461,33,58,3,en,"The Prosciutto e Funghi from Murphy and Sons was fine, nothing special. Delivery was on time at least.",2023-05-13
153,153,234,37,8,1,en,"The Dish from Guzman, Brown and Larsen was soggy by the time it got to us. Not ordering from here again.",2023-05-23
154,154,12,26,33,4,en,Really happy with this order - Dish was fresh and the courier kept us updated the whole way.,2024-03-28
155,155,217,23,90,5,en,"Best Dish in the area, hands down. Ellis, Parks and Jimenez never disappoints.",2023-08-20
156,156,479,31,5,3,en,"Delivery took about as long as the app estimated. Napolitana tasted fine, would order again if nothing closer is open.",2023-03-25
157,157,374,42,54,3,en,"Delivery took about as long as the app estimated. Dish tasted fine, would order again if nothing closer is open.",2024-12-24
158,158,446,25,49,4,en,"Five stars. Hill-Mckay nailed the Caprese Salad again, still hot and packed carefully.",2024-01-21
159,159,335,23,16,2,en,Wrong items in the bag - we ordered Tiramisu and got something else entirely. Refund requested.,2024-12-25
160,160,66,47,29,5,en,The Cobb Salad from Herman-Williams was excellent and the courier was friendly and quick. Will order again! Courier was polite and on time.,2024-04-09
161,161,345,47,70,3,en,"Herman-Williams got the order right this time, Caesar Salad was okay, packaging could be better.",2023-08-08
162,162,236,23,20,2,en,Wrong items in the bag - we ordered Tiramisu and got something else entirely. Refund requested.,2022-07-29
163,163,415,43,54,2,en,"Disappointed with Arnold, Montgomery and Doyle - the Dish arrived cold and the order took much longer than promised.",2024-04-20
164,164,106,5,13,2,en,"Wallace, Ortiz and Murray used to be reliable but the last few orders have been late and the Dish portion has shrunk.",2022-02-08
165,165,380,3,52,5,en,"Best Pepperoni in the area, hands down. Garcia, Pena and Adams never disappoints.",2022-09-15
166,166,72,33,38,3,en,"The Prosciutto e Funghi from Murphy and Sons was fine, nothing special. Delivery was on time at least.",2024-06-14
167,167,307,50,87,3,en,"The Dish from Kelly, Harris and Pruitt was fine, nothing special. Delivery was on time at least.",2022-09-19
168,168,267,15,53,3,en,Average experience. Apple Strudel was decent but a bit pricey for the portion size.,2022-11-01
169,169,348,28,72,5,en,"Five stars. Combs-Stone nailed the Pepperoni again, still hot and packed carefully.",2022-02-22
170,170,344,25,68,1,en,"Wrong items in the bag - we ordered Tagliatelle al Ragù and got something else entirely. Refund requested. Had to track down the courier ourselves, no updates on the app.",2024-02-03
171,171,154,25,24,5,en,"Best Greek Salad in the area, hands down. Hill-Mckay never disappoints.",2023-06-05
172,172,440,46,19,3,en,"Delivery took about as long as the app estimated. Classic Cheeseburger tasted fine, would order again if nothing closer is open.",2024-10-01
173,173,286,34,18,4,en,Fast delivery and the Vegan Buddha Bowl arrived perfectly hot. Great job Houston Inc!,2022-09-24
174,174,332,6,58,5,en,"Really happy with this order - Crème Brûlée was fresh and the courier kept us updated the whole way. Delivery driver even called ahead, nice touch.",2022-04-13
175,175,138,25,87,3,en,"The Greek Salad from Hill-Mckay was fine, nothing special. Delivery was on time at least.",2023-10-26
176,176,412,49,76,4,en,Really happy with this order - Greek Salad was fresh and the courier kept us updated the whole way.,2023-09-08
177,177,446,22,39,3,en,"The Diavola from Sanders, Smith and Smith was fine, nothing special. Delivery was on time at least.",2022-08-22
178,178,61,48,97,5,en,"Five stars. Williams LLC nailed the Lentil Soup again, still hot and packed carefully.",2024-09-30
179,179,469,16,71,1,en,"Nelson, Graham and Fields used to be reliable but the last few orders have been late and the Quattro Formaggi portion has shrunk.",2024-04-30
180,180,274,42,46,4,en,Fast delivery and the Dish arrived perfectly hot. Great job Olson-Estrada!,2022-10-15
181,181,239,7,93,4,en,"The Spaghetti Carbonara from Castaneda, Day and Weaver was excellent and the courier was friendly and quick. Will order again! Delivery driver even called ahead, nice touch.",2024-04-14
182,182,190,21,53,1,en,Duran PLC used to be reliable but the last few orders have been late and the Vegan Chili portion has shrunk.,2023-09-11
183,183,75,2,34,2,en,"Disappointed with Jackson, Walters and Michael - the Tagliatelle al Ragù arrived cold and the order took much longer than promised. Courier was rude when we asked about the delay.",2024-10-21
184,184,79,13,43,5,en,"Fast delivery and the Diavola arrived perfectly hot. Great job Gallegos, Taylor and West!",2023-02-23
185,185,282,42,88,3,en,"Olson-Estrada got the order right this time, Dish was okay, packaging could be better.",2022-10-11
186,186,329,48,63,1,en,Disappointed with Williams LLC - the Lentil Soup arrived cold and the order took much longer than promised.,2022-07-04
187,187,72,47,70,2,en,Wrong items in the bag - we ordered Caesar Salad and got something else entirely. Refund requested. Courier was rude when we asked about the delay.,2022-07-23
188,188,491,4,68,4,en,Fast delivery and the Diavola arrived perfectly hot. Great job Howell Group!,2024-07-10
189,189,25,49,1,2,en,Wrong items in the bag - we ordered Cheesecake and got something else entirely. Refund requested.,2022-06-01
190,190,363,10,2,2,en,The Dish from Miles Group was soggy by the time it got to us. Not ordering from here again. Courier was rude when we asked about the delay.,2023-07-09
191,191,317,41,86,2,en,"Peters, Golden and Ballard used to be reliable but the last few orders have been late and the Dish portion has shrunk. Courier was rude when we asked about the delay.",2024-09-28
192,192,4,35,71,3,en,"Delivery took about as long as the app estimated. Cobb Salad tasted fine, would order again if nothing closer is open.",2022-01-16
193,193,141,35,37,4,en,The Dish from Ross Group was excellent and the courier was friendly and quick. Will order again! Courier was polite and on time.,2023-07-08
194,194,55,7,68,1,en,"Order was late and the courier never called when they couldn't find our building. Tiramisu was barely warm. Had to track down the courier ourselves, no updates on the app.",2022-09-24
195,195,418,23,35,3,en,"Ellis, Parks and Jimenez got the order right this time, Dish was okay, packaging could be better.",2022-03-28
196,196,290,16,90,1,en,"Disappointed with Nelson, Graham and Fields - the Dish arrived cold and the order took much longer than promised. Courier was rude when we asked about the delay.",2022-11-28
197,197,440,42,98,4,en,Fast delivery and the BBQ Burger arrived perfectly hot. Great job Olson-Estrada!,2022-04-15
198,198,283,31,8,1,en,"Disappointed with Johnson, Roberts and Smith - the Dish arrived cold and the order took much longer than promised.",2022-01-11
199,199,256,28,83,3,en,Average experience. Pepperoni was decent but a bit pricey for the portion size.,2023-09-15
200,200,471,3,30,4,en,"Best Vegan Chili in the area, hands down. Garcia, Pena and Adams never disappoints.",2024-09-15
201,201,24,5,88,5,en,"Best Diavola in the area, hands down. Wallace, Ortiz and Murray never disappoints.",2024-09-15
202,202,476,21,3,4,en,Really happy with this order - Crème Brûlée was fresh and the courier kept us updated the whole way.,2023-10-07
203,203,154,11,73,1,en,Disappointed with Dominguez-Short - the Tofu Stir-Fry arrived cold and the order took much longer than promised.,2023-09-14
204,204,460,35,43,3,en,"Ross Group got the order right this time, Dish was okay, packaging could be better.",2024-04-08
205,205,371,6,65,4,en,"Five stars. Neal, Gomez and Watkins nailed the Tiramisu again, still hot and packed carefully.",2022-03-03
206,206,430,5,44,5,en,"Best Greek Salad in the area, hands down. Wallace, Ortiz and Murray never disappoints. Courier was polite and on time.",2024-04-25
207,207,16,41,35,4,en,"Five stars. Peters, Golden and Ballard nailed the Classic Cheeseburger again, still hot and packed carefully.",2023-06-23
208,208,482,25,56,2,en,Disappointed with Hill-Mckay - the Caesar Salad arrived cold and the order took much longer than promised. Courier was rude when we asked about the delay.,2024-01-18
209,209,396,40,38,3,en,"Delivery took about as long as the app estimated. Ravioli Ricotta e Spinaci tasted fine, would order again if nothing closer is open.",2024-02-21
210,210,79,25,92,1,en,"Hill-Mckay used to be reliable but the last few orders have been late and the Caprese Salad portion has shrunk. Had to track down the courier ourselves, no updates on the app.",2022-06-19
211,211,185,7,12,5,en,Really happy with this order - Dish was fresh and the courier kept us updated the whole way. Courier was polite and on time.,2024-10-31
212,212,390,18,14,3,en,"Hensley, Johnson and Adams got the order right this time, Penne Arrabbiata was okay, packaging could be better.",2022-04-08
213,213,286,36,66,3,en,"Sanders LLC got the order right this time, Falafel Bowl was okay, packaging could be better.",2022-04-26
214,214,284,6,77,5,en,"Best Tiramisu in the area, hands down. Neal, Gomez and Watkins never disappoints. Courier was polite and on time.",2024-05-10
215,215,150,27,50,3,en,Average experience. Grilled Vegetable Skewers was decent but a bit pricey for the portion size.,2024-03-05
216,216,267,11,88,1,en,Wrong items in the bag - we ordered Tofu Stir-Fry and got something else entirely. Refund requested.,2022-07-08
217,217,138,32,19,5,en,Really happy with this order - Classic Cheeseburger was fresh and the courier kept us updated the whole way.,2022-07-04
218,218,154,31,10,2,en,Order was late and the courier never called when they couldn't find our building. Dish was barely warm.,2022-10-03
219,219,321,32,77,4,en,"The Classic Cheeseburger from Jackson, Bowman and Drake was excellent and the courier was friendly and quick. Will order again!",2022-08-05
220,220,156,1,51,3,en,Average experience. Dish was decent but a bit pricey for the portion size.,2024-07-13
221,221,226,22,56,3,en,"The Tagliatelle al Ragù from Sanders, Smith and Smith was fine, nothing special. Delivery was on time at least.",2024-12-04
222,222,165,39,89,4,en,Fast delivery and the Veggie Burger arrived perfectly hot. Great job Meyer-Carrillo!,2023-06-12
223,223,496,21,38,1,en,"The Quattro Formaggi from Duran PLC was soggy by the time it got to us. Not ordering from here again. Had to track down the courier ourselves, no updates on the app.",2023-11-28
224,224,193,18,51,1,en,"Disappointed with Hensley, Johnson and Adams - the Cobb Salad arrived cold and the order took much longer than promised.",2022-05-06
225,225,280,12,88,4,en,"Five stars. Cruz, Jackson and Kane nailed the Ravioli Ricotta e Spinaci again, still hot and packed carefully. Courier was polite and on time.",2022-01-31
226,226,108,29,38,1,en,Wrong items in the bag - we ordered Ravioli Ricotta e Spinaci and got something else entirely. Refund requested.,2022-03-17
227,227,256,9,82,2,en,"Disappointed with Lowe, Ewing and Short - the Cheesecake arrived cold and the order took much longer than promised. Courier was rude when we asked about the delay.",2022-09-24
228,228,217,25,10,5,en,"The Tagliatelle al Ragù from Hill-Mckay was excellent and the courier was friendly and quick. Will order again! Delivery driver even called ahead, nice touch.",2024-12-21
229,229,206,35,65,4,en,"Fast delivery and the Cobb Salad arrived perfectly hot. Great job Ross Group! Delivery driver even called ahead, nice touch.",2023-04-07
230,230,360,35,77,1,en,Disappointed with Ross Group - the Dish arrived cold and the order took much longer than promised.,2024-10-02
231,231,337,43,46,1,en,Order was late and the courier never called when they couldn't find our building. Dish was barely warm. Courier was rude when we asked about the delay.,2023-12-13
232,232,331,44,83,1,en,Wrong items in the bag - we ordered Penne Arrabbiata and got something else entirely. Refund requested.,2024-11-25
233,233,55,1,13,4,en,"Best Dish in the area, hands down. Williams, Campos and Cummings never disappoints.",2022-09-04
234,234,298,45,74,3,en,"The BBQ Burger from Tran Group was fine, nothing special. Delivery was on time at least.",2023-05-06
235,235,396,44,76,5,en,The Tiramisu from Whitaker-Paul was excellent and the courier was friendly and quick. Will order again!,2023-07-04
236,236,248,7,38,1,en,"Castaneda, Day and Weaver used to be reliable but the last few orders have been late and the Diavola portion has shrunk.",2024-10-08
237,237,426,47,19,1,en,Order was late and the courier never called when they couldn't find our building. Cobb Salad was barely warm.,2022-12-11
238,238,267,31,45,1,en,"Johnson, Roberts and Smith used to be reliable but the last few orders have been late and the Dish portion has shrunk.",2022-04-21
239,239,35,20,6,4,en,The Dish from Garza-Shea was excellent and the courier was friendly and quick. Will order again! Courier was polite and on time.,2022-05-07
240,240,56,44,22,1,en,Disappointed with Whitaker-Paul - the Penne Arrabbiata arrived cold and the order took much longer than promised.,2023-07-23
241,241,170,36,55,4,en,Really happy with this order - Falafel Bowl was fresh and the courier kept us updated the whole way.,2022-09-13
242,242,95,12,82,4,en,"The Ravioli Ricotta e Spinaci from Cruz, Jackson and Kane was excellent and the courier was friendly and quick. Will order again!",2023-04-21
243,243,315,13,58,5,en,"Five stars. Gallegos, Taylor and West nailed the Chocolate Brownie again, still hot and packed carefully.",2023-04-17
244,244,110,14,36,3,en,"Delivery took about as long as the app estimated. order tasted fine, would order again if nothing closer is open.",2024-06-07
245,245,53,35,24,5,en,"The Dish from Ross Group was excellent and the courier was friendly and quick. Will order again! Delivery driver even called ahead, nice touch.",2022-12-26
246,246,135,43,63,1,en,"Disappointed with Arnold, Montgomery and Doyle - the Penne Arrabbiata arrived cold and the order took much longer than promised.",2024-11-26
247,247,199,40,51,4,en,Really happy with this order - Falafel Bowl was fresh and the courier kept us updated the whole way. Courier was polite and on time.,2022-05-09
248,248,317,12,87,5,en,"The Dish from Cruz, Jackson and Kane was excellent and the courier was friendly and quick. Will order again!",2024-05-27
249,249,69,21,16,4,en,The Dish from Duran PLC was excellent and the courier was friendly and quick. Will order again!,2022-12-01
250,250,356,10,66,5,en,Fast delivery and the Grilled Vegetable Skewers arrived perfectly hot. Great job Miles Group! Courier was polite and on time.,2023-04-05
251,251,197,28,24,2,en,The Pepperoni from Combs-Stone was soggy by the time it got to us. Not ordering from here again.,2023-11-30
252,252,86,32,37,5,en,"Five stars. Jackson, Bowman and Drake nailed the Classic Cheeseburger again, still hot and packed carefully. Courier was polite and on time.",2022-07-25
253,253,28,23,2,3,en,"Ellis, Parks and Jimenez got the order right this time, Bacon Burger was okay, packaging could be better.",2022-05-30
254,254,259,42,64,3,en,"Delivery took about as long as the app estimated. Dish tasted fine, would order again if nothing closer is open.",2024-01-21
255,255,431,29,63,1,en,Order was late and the courier never called when they couldn't find our building. Grilled Vegetable Skewers was barely warm.,2022-04-02
256,256,150,3,36,4,en,"Fast delivery and the Cobb Salad arrived perfectly hot. Great job Garcia, Pena and Adams!",2023-08-16
257,257,290,48,99,2,en,The Lentil Soup from Williams LLC was soggy by the time it got to us. Not ordering from here again.,2023-08-28
258,258,59,18,100,1,en,"Hensley, Johnson and Adams used to be reliable but the last few orders have been late and the Cobb Salad portion has shrunk.",2024-06-24
259,259,422,49,6,3,en,"Myers, Shelton and Garcia got the order right this time, Greek Salad was okay, packaging could be better.",2023-08-23
260,260,377,42,97,5,en,"Five stars. Olson-Estrada nailed the Dish again, still hot and packed carefully.",2022-11-26
261,261,135,23,12,2,en,"Disappointed with Ellis, Parks and Jimenez - the Bacon Burger arrived cold and the order took much longer than promised. Had to track down the courier ourselves, no updates on the app.",2024-08-07
262,262,108,48,76,5,en,Fast delivery and the Dish arrived perfectly hot. Great job Williams LLC! Courier was polite and on time.,2023-01-21
263,263,316,9,27,5,en,"Best Cheesecake in the area, hands down. Lowe, Ewing and Short never disappoints. Courier was polite and on time.",2024-06-03
264,264,144,39,69,4,en,"Five stars. Meyer-Carrillo nailed the Veggie Burger again, still hot and packed carefully. Courier was polite and on time.",2022-12-21
265,265,294,18,66,4,en,"Best Penne Arrabbiata in the area, hands down. Hensley, Johnson and Adams never disappoints.",2024-06-12
266,266,471,4,36,4,en,Fast delivery and the Diavola arrived perfectly hot. Great job Howell Group!,2022-05-23
267,267,75,46,42,2,en,Wrong items in the bag - we ordered Cobb Salad and got something else entirely. Refund requested.,2024-04-17
268,268,73,37,81,3,en,"Delivery took about as long as the app estimated. Greek Salad tasted fine, would order again if nothing closer is open.",2023-11-20
269,269,39,41,99,2,en,"Peters, Golden and Ballard used to be reliable but the last few orders have been late and the Classic Cheeseburger portion has shrunk.",2023-03-19
270,270,480,24,59,4,en,"Fast delivery and the Waldorf Salad arrived perfectly hot. Great job Bell, Williamson and Duncan! Courier was polite and on time.",2022-12-27
271,271,48,47,59,4,en,"Best Apple Strudel in the area, hands down. Herman-Williams never disappoints. Courier was polite and on time.",2023-12-29
272,272,408,35,51,2,en,The Caprese Salad from Ross Group was soggy by the time it got to us. Not ordering from here again.,2024-11-28
273,273,138,21,37,3,en,"The Dish from Duran PLC was fine, nothing special. Delivery was on time at least.",2023-08-25
274,274,437,32,44,3,en,"Delivery took about as long as the app estimated. Dish tasted fine, would order again if nothing closer is open.",2024-04-15
275,275,321,30,3,5,en,"The Dish from Rodriguez, James and Frank was excellent and the courier was friendly and quick. Will order again!",2024-10-18
276,276,234,1,55,5,en,"Five stars. Williams, Campos and Cummings nailed the Dish again, still hot and packed carefully. Courier was polite and on time.",2024-12-28
277,277,155,11,36,4,en,Really happy with this order - Dish was fresh and the courier kept us updated the whole way.,2023-12-21
278,278,191,43,84,1,en,Order was late and the courier never called when they couldn't find our building. Ravioli Ricotta e Spinaci was barely warm. Courier was rude when we asked about the delay.,2022-03-01
279,279,359,49,30,4,en,"The Ravioli Ricotta e Spinaci from Myers, Shelton and Garcia was excellent and the courier was friendly and quick. Will order again! Courier was polite and on time.",2023-12-23
280,280,110,31,10,1,en,Order was late and the courier never called when they couldn't find our building. Penne Arrabbiata was barely warm.,2023-10-16
281,281,228,1,2,4,en,"Five stars. Williams, Campos and Cummings nailed the Dish again, still hot and packed carefully. Courier was polite and on time.",2023-01-14
282,282,356,9,62,2,en,Wrong items in the bag - we ordered Diavola and got something else entirely. Refund requested.,2022-09-10
283,283,413,7,14,2,en,Wrong items in the bag - we ordered Double Beef Burger and got something else entirely. Refund requested.,2023-02-09
284,284,196,50,97,5,en,Really happy with this order - Dish was fresh and the courier kept us updated the whole way.,2023-12-07
285,285,272,37,2,5,en,"Best Cobb Salad in the area, hands down. Guzman, Brown and Larsen never disappoints. Courier was polite and on time.",2023-12-16
286,286,370,14,81,2,en,Wrong items in the bag - we ordered order and got something else entirely. Refund requested.,2024-10-06
287,287,45,7,18,3,en,"The Panna Cotta from Castaneda, Day and Weaver was fine, nothing special. Delivery was on time at least.",2023-10-10
288,288,494,28,41,1,en,"Disappointed with Combs-Stone - the Tagliatelle al Ragù arrived cold and the order took much longer than promised. Had to track down the courier ourselves, no updates on the app.",2022-10-02
289,289,284,39,77,2,en,"Meyer-Carrillo used to be reliable but the last few orders have been late and the Cobb Salad portion has shrunk. Had to track down the courier ourselves, no updates on the app.",2022-11-12
290,290,449,20,27,2,en,Wrong items in the bag - we ordered BBQ Burger and got something else entirely. Refund requested.,2023-10-29
291,291,201,19,83,3,en,"Thomas-Williamson got the order right this time, Grilled Vegetable Skewers was okay, packaging could be better.",2024-05-09
292,292,198,8,31,1,en,Wrong items in the bag - we ordered order and got something else entirely. Refund requested.,2023-12-01
293,293,456,1,47,2,en,"Disappointed with Williams, Campos and Cummings - the Dish arrived cold and the order took much longer than promised.",2022-05-28
294,294,280,44,23,5,en,The Fettuccine Alfredo from Whitaker-Paul was excellent and the courier was friendly and quick. Will order again!,2024-11-13
295,295,301,5,2,1,en,"Disappointed with Wallace, Ortiz and Murray - the Dish arrived cold and the order took much longer than promised.",2022-08-28
296,296,260,19,81,1,en,The Lentil Soup from Thomas-Williamson was soggy by the time it got to us. Not ordering from here again.,2023-07-06
297,297,360,26,11,3,en,"The Fettuccine Alfredo from Lang PLC was fine, nothing special. Delivery was on time at least.",2023-08-12
298,298,43,20,11,2,en,Garza-Shea used to be reliable but the last few orders have been late and the Chocolate Brownie portion has shrunk.,2024-10-08
299,299,168,26,76,1,en,Lang PLC used to be reliable but the last few orders have been late and the Fettuccine Alfredo portion has shrunk.,2024-04-16
300,300,358,28,94,5,en,Really happy with this order - Tagliatelle al Ragù was fresh and the courier kept us updated the whole way.,2022-03-08
301,301,60,30,79,4,en,"Fast delivery and the Tagliatelle al Ragù arrived perfectly hot. Great job Rodriguez, James and Frank! Courier was polite and on time.",2022-03-02
302,302,7,46,18,3,en,"The Pepperoni from Smith Group was fine, nothing special. Delivery was on time at least.",2022-01-15
303,303,268,34,93,2,en,"Wrong items in the bag - we ordered Prosciutto e Funghi and got something else entirely. Refund requested. Had to track down the courier ourselves, no updates on the app.",2022-07-06
304,304,400,18,94,4,en,"The Cobb Salad from Hensley, Johnson and Adams was excellent and the courier was friendly and quick. Will order again! Courier was polite and on time.",2024-04-28
305,305,414,28,35,3,en,"Delivery took about as long as the app estimated. Crème Brûlée tasted fine, would order again if nothing closer is open.",2022-03-14
306,306,234,33,47,5,en,"Five stars. Murphy and Sons nailed the Double Beef Burger again, still hot and packed carefully.",2023-07-04
307,307,81,17,99,2,en,Disappointed with Rojas-Tanner - the Dish arrived cold and the order took much longer than promised.,2024-09-09
308,308,380,33,1,4,en,"Best Prosciutto e Funghi in the area, hands down. Murphy and Sons never disappoints.",2024-07-30
309,309,24,31,47,4,en,"The Napolitana from Johnson, Roberts and Smith was excellent and the courier was friendly and quick. Will order again!",2024-10-08
310,310,284,46,95,2,en,Order was late and the courier never called when they couldn't find our building. Classic Cheeseburger was barely warm.,2023-04-05
311,311,214,47,41,3,en,"Delivery took about as long as the app estimated. Apple Strudel tasted fine, would order again if nothing closer is open.",2024-06-25
312,312,258,44,7,4,en,Fast delivery and the Tiramisu arrived perfectly hot. Great job Whitaker-Paul!,2022-09-04
313,313,489,26,9,5,en,Really happy with this order - Dish was fresh and the courier kept us updated the whole way.,2024-08-07
314,314,45,36,59,4,en,Really happy with this order - Falafel Bowl was fresh and the courier kept us updated the whole way.,2023-02-09
315,315,402,20,95,4,en,The Vegan Chili from Garza-Shea was excellent and the courier was friendly and quick. Will order again!,2022-09-24
316,316,498,32,99,1,en,"The Classic Cheeseburger from Jackson, Bowman and Drake was soggy by the time it got to us. Not ordering from here again. Courier was rude when we asked about the delay.",2024-03-15
317,317,78,1,53,3,en,"Williams, Campos and Cummings got the order right this time, Dish was okay, packaging could be better.",2022-09-15
318,318,430,45,2,5,en,Really happy with this order - Cheesecake was fresh and the courier kept us updated the whole way.,2022-01-02
319,319,373,20,14,1,en,The Lentil Soup from Garza-Shea was soggy by the time it got to us. Not ordering from here again.,2023-08-07
320,320,252,4,19,2,en,Wrong items in the bag - we ordered Diavola and got something else entirely. Refund requested.,2022-11-05
321,321,460,34,53,1,en,The Prosciutto e Funghi from Houston Inc was soggy by the time it got to us. Not ordering from here again.,2024-09-10
322,322,44,38,13,1,en,"Disappointed with Nelson LLC - the Cobb Salad arrived cold and the order took much longer than promised. Had to track down the courier ourselves, no updates on the app.",2022-05-27
323,323,304,37,8,4,en,Really happy with this order - Dish was fresh and the courier kept us updated the whole way.,2023-12-29
324,324,150,17,41,2,en,The Spaghetti Carbonara from Rojas-Tanner was soggy by the time it got to us. Not ordering from here again.,2024-02-10
325,325,232,18,30,3,en,"The Penne Arrabbiata from Hensley, Johnson and Adams was fine, nothing special. Delivery was on time at least.",2024-10-31
326,326,56,10,14,4,en,The Fettuccine Alfredo from Miles Group was excellent and the courier was friendly and quick. Will order again!,2023-05-08
327,327,62,35,46,3,en,"Ross Group got the order right this time, Dish was okay, packaging could be better.",2023-05-13
328,328,437,8,12,5,en,"Best order in the area, hands down. Bell-Jimenez never disappoints.",2024-06-07
329,329,357,39,6,2,en,"Wrong items in the bag - we ordered Veggie Burger and got something else entirely. Refund requested. Had to track down the courier ourselves, no updates on the app.",2024-07-07
330,330,47,46,32,4,en,Really happy with this order - Pepperoni was fresh and the courier kept us updated the whole way.,2023-03-14
331,331,154,17,23,1,en,"Disappointed with Rojas-Tanner - the Dish arrived cold and the order took much longer than promised. Had to track down the courier ourselves, no updates on the app.",2024-11-11
332,332,384,36,32,5,en,"Five stars. Sanders LLC nailed the Falafel Bowl again, still hot and packed carefully.",2023-05-24
333,333,7,4,100,2,en,Order was late and the courier never called when they couldn't find our building. Quattro Formaggi was barely warm.,2022-05-26
334,334,352,41,83,3,en,Average experience. Spaghetti Carbonara was decent but a bit pricey for the portion size.,2023-10-02
335,335,12,5,26,2,en,"The Greek Salad from Wallace, Ortiz and Murray was soggy by the time it got to us. Not ordering from here again.",2023-05-05
336,336,464,22,16,4,en,"The Dish from Sanders, Smith and Smith was excellent and the courier was friendly and quick. Will order again!",2024-11-01
337,337,474,37,56,2,en,Order was late and the courier never called when they couldn't find our building. Greek Salad was barely warm.,2023-07-01
338,338,219,12,46,4,en,"Five stars. Cruz, Jackson and Kane nailed the Dish again, still hot and packed carefully.",2024-09-23
339,339,229,10,5,5,en,The Dish from Miles Group was excellent and the courier was friendly and quick. Will order again!,2023-11-13
340,340,152,32,53,3,en,"Jackson, Bowman and Drake got the order right this time, Lasagna was okay, packaging could be better.",2023-06-11
341,341,197,9,54,1,en,Order was late and the courier never called when they couldn't find our building. Diavola was barely warm. Courier was rude when we asked about the delay.,2023-12-08
342,342,323,35,3,2,en,The Lentil Soup from Ross Group was soggy by the time it got to us. Not ordering from here again.,2024-05-09
343,343,279,32,45,5,en,"The Classic Cheeseburger from Jackson, Bowman and Drake was excellent and the courier was friendly and quick. Will order again!",2023-07-07
344,344,93,2,41,5,en,"Best Dish in the area, hands down. Jackson, Walters and Michael never disappoints.",2022-08-31
345,345,415,31,68,4,en,"Five stars. Johnson, Roberts and Smith nailed the Dish again, still hot and packed carefully.",2024-04-20
346,346,52,16,85,4,en,"The Classic Cheeseburger from Nelson, Graham and Fields was excellent and the courier was friendly and quick. Will order again!",2022-10-23
347,347,295,25,46,5,en,Fast delivery and the Caesar Salad arrived perfectly hot. Great job Hill-Mckay! Courier was polite and on time.,2022-07-14
348,348,358,23,76,1,en,Order was late and the courier never called when they couldn't find our building. Tiramisu was barely warm.,2024-02-14
349,349,289,10,73,1,en,Order was late and the courier never called when they couldn't find our building. Dish was barely warm.,2024-07-07
350,350,159,12,63,2,en,Wrong items in the bag - we ordered Ravioli Ricotta e Spinaci and got something else entirely. Refund requested.,2022-04-10
351,351,113,2,68,2,en,"Disappointed with Jackson, Walters and Michael - the Dish arrived cold and the order took much longer than promised. Had to track down the courier ourselves, no updates on the app.",2022-01-02
352,352,175,46,23,2,en,Smith Group used to be reliable but the last few orders have been late and the Cobb Salad portion has shrunk.,2022-03-10
353,353,361,10,100,2,en,The Dish from Miles Group was soggy by the time it got to us. Not ordering from here again.,2024-07-19
354,354,192,46,85,1,en,Wrong items in the bag - we ordered Classic Cheeseburger and got something else entirely. Refund requested.,2023-10-08
355,355,166,9,21,3,en,"The Diavola from Lowe, Ewing and Short was fine, nothing special. Delivery was on time at least.",2024-05-18
356,356,163,12,91,2,en,"Disappointed with Cruz, Jackson and Kane - the Dish arrived cold and the order took much longer than promised.",2024-02-01
357,357,341,38,23,3,en,"The Greek Salad from Nelson LLC was fine, nothing special. Delivery was on time at least.",2022-12-04
358,358,91,47,1,2,en,Order was late and the courier never called when they couldn't find our building. Apple Strudel was barely warm.,2024-11-05
359,359,17,12,78,4,en,Really happy with this order - Dish was fresh and the courier kept us updated the whole way.,2024-10-07
360,360,290,7,64,1,en,"Disappointed with Castaneda, Day and Weaver - the Spaghetti Carbonara arrived cold and the order took much longer than promised. Had to track down the courier ourselves, no updates on the app.",2023-01-01
361,361,178,21,22,1,en,Wrong items in the bag - we ordered Quattro Formaggi and got something else entirely. Refund requested.,2024-08-29
362,362,344,41,94,5,en,"Fast delivery and the Lasagna arrived perfectly hot. Great job Peters, Golden and Ballard!",2023-05-06
363,363,128,45,9,4,en,Fast delivery and the Crème Brûlée arrived perfectly hot. Great job Tran Group! Courier was polite and on time.,2022-10-10
364,364,1,4,50,5,en,"Five stars. Howell Group nailed the Diavola again, still hot and packed carefully.",2024-03-14
365,365,253,25,45,5,en,"Best Caprese Salad in the area, hands down. Hill-Mckay never disappoints.",2023-02-16
366,366,334,49,88,2,en,Order was late and the courier never called when they couldn't find our building. Ravioli Ricotta e Spinaci was barely warm.,2022-06-28
367,367,151,2,41,3,en,"The Tagliatelle al Ragù from Jackson, Walters and Michael was fine, nothing special. Delivery was on time at least.",2024-11-09
368,368,88,25,21,5,en,"Five stars. Hill-Mckay nailed the Greek Salad again, still hot and packed carefully.",2023-08-26
369,369,305,40,62,3,en,"Hawkins PLC got the order right this time, Caprese Salad was okay, packaging could be better.",2022-02-06
370,370,456,28,21,4,en,The Tagliatelle al Ragù from Combs-Stone was excellent and the courier was friendly and quick. Will order again! Courier was polite and on time.,2022-04-24
371,371,210,45,71,3,en,"The Cheesecake from Tran Group was fine, nothing special. Delivery was on time at least.",2022-10-20
372,372,122,7,7,4,en,Really happy with this order - Dish was fresh and the courier kept us updated the whole way.,2023-09-22
373,373,28,24,1,3,en,"The Waldorf Salad from Bell, Williamson and Duncan was fine, nothing special. Delivery was on time at least.",2022-04-09
374,374,50,2,27,3,en,"The Tagliatelle al Ragù from Jackson, Walters and Michael was fine, nothing special. Delivery was on time at least.",2023-12-04
375,375,433,8,40,4,en,The order from Bell-Jimenez was excellent and the courier was friendly and quick. Will order again!,2023-06-03
376,376,329,35,50,3,en,Average experience. Lentil Soup was decent but a bit pricey for the portion size.,2023-02-13
377,377,96,29,6,2,en,"Order was late and the courier never called when they couldn't find our building. Dish was barely warm. Had to track down the courier ourselves, no updates on the app.",2023-04-28
378,378,429,18,73,2,en,Order was late and the courier never called when they couldn't find our building. Penne Arrabbiata was barely warm. Courier was rude when we asked about the delay.,2022-06-15
379,379,343,23,70,3,en,"Delivery took about as long as the app estimated. Dish tasted fine, would order again if nothing closer is open.",2024-11-30
380,380,32,25,67,3,en,"The Caprese Salad from Hill-Mckay was fine, nothing special. Delivery was on time at least.",2024-11-24
381,381,452,16,61,3,en,Average experience. Bacon Burger was decent but a bit pricey for the portion size.,2022-03-31
382,382,293,34,74,3,en,"Houston Inc got the order right this time, Prosciutto e Funghi was okay, packaging could be better.",2024-12-16
383,383,487,49,58,1,en,"Disappointed with Myers, Shelton and Garcia - the Cheesecake arrived cold and the order took much longer than promised.",2024-11-06
384,384,414,13,17,1,en,Order was late and the courier never called when they couldn't find our building. Dish was barely warm.,2023-04-12
385,385,422,41,19,5,en,"Five stars. Peters, Golden and Ballard nailed the Dish again, still hot and packed carefully. Courier was polite and on time.",2022-10-10
386,386,199,36,51,1,en,The Falafel Bowl from Sanders LLC was soggy by the time it got to us. Not ordering from here again.,2022-12-27
387,387,235,1,90,5,en,"Five stars. Williams, Campos and Cummings nailed the Penne Arrabbiata again, still hot and packed carefully.",2023-10-09
388,388,213,10,19,3,en,"The Dish from Miles Group was fine, nothing special. Delivery was on time at least.",2023-10-10
389,389,289,50,13,1,en,"Wrong items in the bag - we ordered Caesar Salad and got something else entirely. Refund requested. Had to track down the courier ourselves, no updates on the app.",2024-08-11
390,390,136,25,84,2,en,The Greek Salad from Hill-Mckay was soggy by the time it got to us. Not ordering from here again. Courier was rude when we asked about the delay.,2023-09-20
391,391,89,18,52,4,en,"Fast delivery and the Cobb Salad arrived perfectly hot. Great job Hensley, Johnson and Adams!",2023-11-12
392,392,203,22,89,4,en,"Fast delivery and the Caesar Salad arrived perfectly hot. Great job Sanders, Smith and Smith! Delivery driver even called ahead, nice touch.",2022-02-26
393,393,460,24,3,2,en,"The Waldorf Salad from Bell, Williamson and Duncan was soggy by the time it got to us. Not ordering from here again.",2024-06-17
394,394,144,32,90,5,en,"Fast delivery and the Classic Cheeseburger arrived perfectly hot. Great job Jackson, Bowman and Drake!",2022-04-18
395,395,154,48,57,1,en,Order was late and the courier never called when they couldn't find our building. Lentil Soup was barely warm. Courier was rude when we asked about the delay.,2022-10-25
396,396,331,6,25,3,en,"The Caprese Salad from Neal, Gomez and Watkins was fine, nothing special. Delivery was on time at least.",2022-08-23
397,397,249,49,67,2,en,Wrong items in the bag - we ordered Chocolate Brownie and got something else entirely. Refund requested.,2024-06-21
398,398,34,20,91,1,en,Garza-Shea used to be reliable but the last few orders have been late and the Vegan Chili portion has shrunk.,2023-03-19
399,399,15,12,25,2,en,"The Ravioli Ricotta e Spinaci from Cruz, Jackson and Kane was soggy by the time it got to us. Not ordering from here again.",2024-07-09
400,400,234,4,47,5,en,"The Quattro Formaggi from Howell Group was excellent and the courier was friendly and quick. Will order again! Delivery driver even called ahead, nice touch.",2022-08-09
401,401,259,26,82,5,en,"Best Dish in the area, hands down. Lang PLC never disappoints.",2024-01-17
402,402,251,39,58,1,en,Meyer-Carrillo used to be reliable but the last few orders have been late and the Cobb Salad portion has shrunk.,2024-11-21
403,403,283,23,45,5,en,"Five stars. Ellis, Parks and Jimenez nailed the Tiramisu again, still hot and packed carefully.",2024-07-10
404,404,426,45,12,2,en,Wrong items in the bag - we ordered BBQ Burger and got something else entirely. Refund requested.,2022-01-31
405,405,438,37,100,4,en,"Five stars. Guzman, Brown and Larsen nailed the Cobb Salad again, still hot and packed carefully. Delivery driver even called ahead, nice touch.",2024-07-28
406,406,106,18,84,4,en,"Five stars. Hensley, Johnson and Adams nailed the Cobb Salad again, still hot and packed carefully.",2023-07-19
407,407,467,9,83,5,en,"Fast delivery and the Diavola arrived perfectly hot. Great job Lowe, Ewing and Short!",2023-10-23
408,408,130,39,40,3,en,Average experience. Cobb Salad was decent but a bit pricey for the portion size.,2024-11-28
409,409,459,25,45,1,en,Hill-Mckay used to be reliable but the last few orders have been late and the Dish portion has shrunk.,2022-10-07
410,410,347,34,80,5,en,Fast delivery and the Prosciutto e Funghi arrived perfectly hot. Great job Houston Inc! Courier was polite and on time.,2023-10-03
411,411,340,24,72,3,en,"Bell, Williamson and Duncan got the order right this time, Diavola was okay, packaging could be better.",2023-10-15
412,412,351,7,62,4,en,Really happy with this order - Dish was fresh and the courier kept us updated the whole way.,2023-01-04
413,413,167,18,34,1,en,"The Cobb Salad from Hensley, Johnson and Adams was soggy by the time it got to us. Not ordering from here again.",2024-02-22
414,414,77,34,98,3,en,"Houston Inc got the order right this time, Vegan Buddha Bowl was okay, packaging could be better.",2024-09-14
415,415,164,44,18,4,en,"Five stars. Whitaker-Paul nailed the Quattro Formaggi again, still hot and packed carefully.",2023-12-23
416,416,465,27,52,2,en,Wrong items in the bag - we ordered Caprese Salad and got something else entirely. Refund requested.,2024-03-19
417,417,372,46,29,2,en,"Order was late and the courier never called when they couldn't find our building. Pepperoni was barely warm. Had to track down the courier ourselves, no updates on the app.",2023-08-10
418,418,184,33,39,1,en,Wrong items in the bag - we ordered Double Beef Burger and got something else entirely. Refund requested.,2024-07-11
419,419,50,31,17,1,en,"Disappointed with Johnson, Roberts and Smith - the Dish arrived cold and the order took much longer than promised.",2024-03-05
420,420,461,22,84,3,en,"Delivery took about as long as the app estimated. Caesar Salad tasted fine, would order again if nothing closer is open.",2022-09-04
421,421,447,20,54,5,en,The BBQ Burger from Garza-Shea was excellent and the courier was friendly and quick. Will order again!,2023-02-13
422,422,436,8,61,2,en,"The order from Bell-Jimenez was soggy by the time it got to us. Not ordering from here again. Had to track down the courier ourselves, no updates on the app.",2024-08-10
423,423,456,13,65,2,en,"Gallegos, Taylor and West used to be reliable but the last few orders have been late and the Dish portion has shrunk.",2024-08-09
424,424,153,27,7,2,en,Wrong items in the bag - we ordered Tofu Stir-Fry and got something else entirely. Refund requested.,2022-06-02
425,425,210,37,59,3,en,Average experience. Cobb Salad was decent but a bit pricey for the portion size.,2022-12-14
426,426,250,22,81,3,en,"Sanders, Smith and Smith got the order right this time, Diavola was okay, packaging could be better.",2022-12-12
427,427,232,18,27,1,en,"The Cobb Salad from Hensley, Johnson and Adams was soggy by the time it got to us. Not ordering from here again. Had to track down the courier ourselves, no updates on the app.",2023-09-26
428,428,403,49,100,1,en,"The Chocolate Brownie from Myers, Shelton and Garcia was soggy by the time it got to us. Not ordering from here again.",2022-05-24
429,429,220,26,55,1,en,Order was late and the courier never called when they couldn't find our building. Dish was barely warm.,2023-02-28
430,430,103,47,48,2,en,"Herman-Williams used to be reliable but the last few orders have been late and the Cobb Salad portion has shrunk. Had to track down the courier ourselves, no updates on the app.",2024-09-04
431,431,10,44,1,4,en,"Five stars. Whitaker-Paul nailed the Tiramisu again, still hot and packed carefully.",2024-03-15
432,432,450,23,40,2,en,"The Dish from Ellis, Parks and Jimenez was soggy by the time it got to us. Not ordering from here again. Courier was rude when we asked about the delay.",2022-04-25
433,433,157,11,9,5,en,"Best Veggie Burger in the area, hands down. Dominguez-Short never disappoints. Courier was polite and on time.",2022-11-25
434,434,373,34,77,2,en,"Houston Inc used to be reliable but the last few orders have been late and the Vegan Buddha Bowl portion has shrunk. Had to track down the courier ourselves, no updates on the app.",2023-01-06
435,435,462,32,46,4,en,Really happy with this order - Dish was fresh and the courier kept us updated the whole way.,2022-07-03
436,436,117,15,94,1,en,Cooper and Sons used to be reliable but the last few orders have been late and the Apple Strudel portion has shrunk.,2022-08-22
437,437,259,11,16,2,en,Disappointed with Dominguez-Short - the Veggie Burger arrived cold and the order took much longer than promised.,2024-02-22
438,438,449,41,33,1,en,Order was late and the courier never called when they couldn't find our building. Dish was barely warm.,2023-11-14
439,439,56,42,3,5,en,"Best BBQ Burger in the area, hands down. Olson-Estrada never disappoints. Delivery driver even called ahead, nice touch.",2024-01-28
440,440,195,8,71,4,en,"Best order in the area, hands down. Bell-Jimenez never disappoints.",2023-06-05
441,441,356,44,81,4,en,"Best Quattro Formaggi in the area, hands down. Whitaker-Paul never disappoints.",2022-11-27
442,442,267,18,80,3,en,Average experience. Cobb Salad was decent but a bit pricey for the portion size.,2024-02-08
443,443,262,47,80,4,en,"Five stars. Herman-Williams nailed the Caesar Salad again, still hot and packed carefully.",2022-11-08
444,444,102,39,26,4,en,The Cobb Salad from Meyer-Carrillo was excellent and the courier was friendly and quick. Will order again!,2024-07-02
445,445,361,27,38,1,en,Order was late and the courier never called when they couldn't find our building. Grilled Vegetable Skewers was barely warm.,2022-02-14
446,446,353,31,43,5,en,"The Penne Arrabbiata from Johnson, Roberts and Smith was excellent and the courier was friendly and quick. Will order again!",2022-01-04
447,447,428,37,86,1,en,Order was late and the courier never called when they couldn't find our building. Dish was barely warm.,2022-06-15
448,448,39,47,93,4,en,"Best Apple Strudel in the area, hands down. Herman-Williams never disappoints.",2024-09-19
449,449,152,17,60,4,en,"Five stars. Rojas-Tanner nailed the Dish again, still hot and packed carefully.",2022-04-21
450,450,437,19,47,4,en,Really happy with this order - Grilled Vegetable Skewers was fresh and the courier kept us updated the whole way.,2022-12-09
451,451,436,49,6,1,en,"The Greek Salad from Myers, Shelton and Garcia was soggy by the time it got to us. Not ordering from here again.",2024-07-24
452,452,184,29,80,5,en,"Best Grilled Vegetable Skewers in the area, hands down. Cooper, Ross and Perkins never disappoints. Delivery driver even called ahead, nice touch.",2024-08-20
453,453,418,22,24,2,en,Order was late and the courier never called when they couldn't find our building. Spaghetti Carbonara was barely warm.,2023-03-17
454,454,428,25,89,4,en,"Best Greek Salad in the area, hands down. Hill-Mckay never disappoints.",2024-05-26
455,455,68,45,93,4,en,"Best Cheesecake in the area, hands down. Tran Group never disappoints.",2024-12-13
456,456,214,38,62,2,en,Nelson LLC used to be reliable but the last few orders have been late and the Greek Salad portion has shrunk.,2024-01-16
457,457,195,50,46,5,en,"Fast delivery and the Caesar Salad arrived perfectly hot. Great job Kelly, Harris and Pruitt! Courier was polite and on time.",2022-02-03
458,458,472,32,15,3,en,"The Dish from Jackson, Bowman and Drake was fine, nothing special. Delivery was on time at least.",2023-04-29
459,459,336,21,2,1,en,Duran PLC used to be reliable but the last few orders have been late and the Crème Brûlée portion has shrunk.,2024-08-09
460,460,296,47,73,4,en,The Apple Strudel from Herman-Williams was excellent and the courier was friendly and quick. Will order again!,2024-12-10
461,461,268,45,90,4,en,The BBQ Burger from Tran Group was excellent and the courier was friendly and quick. Will order again!,2022-04-18
462,462,178,43,87,4,en,"The Falafel Bowl from Arnold, Montgomery and Doyle was excellent and the courier was friendly and quick. Will order again! Delivery driver even called ahead, nice touch.",2023-02-26
463,463,330,11,65,1,en,"Disappointed with Dominguez-Short - the Tofu Stir-Fry arrived cold and the order took much longer than promised. Had to track down the courier ourselves, no updates on the app.",2024-07-22
464,464,385,32,42,4,en,"The Dish from Jackson, Bowman and Drake was excellent and the courier was friendly and quick. Will order again!",2023-01-01
465,465,260,15,71,2,en,Wrong items in the bag - we ordered Margherita and got something else entirely. Refund requested.,2023-02-23
466,466,236,29,74,1,en,"Disappointed with Cooper, Ross and Perkins - the Grilled Vegetable Skewers arrived cold and the order took much longer than promised.",2022-04-07
467,467,162,8,64,4,en,Really happy with this order - order was fresh and the courier kept us updated the whole way. Courier was polite and on time.,2022-01-20
468,468,19,36,71,2,en,Order was late and the courier never called when they couldn't find our building. Falafel Bowl was barely warm.,2024-06-24
469,469,288,14,84,1,en,Order was late and the courier never called when they couldn't find our building. order was barely warm.,2023-05-18
470,470,423,4,29,3,en,"Howell Group got the order right this time, Diavola was okay, packaging could be better.",2023-01-02
471,471,337,24,92,5,en,"Fast delivery and the Diavola arrived perfectly hot. Great job Bell, Williamson and Duncan!",2022-05-06
472,472,175,23,82,5,en,"The Dish from Ellis, Parks and Jimenez was excellent and the courier was friendly and quick. Will order again!",2023-08-25
473,473,55,3,22,5,en,"Fast delivery and the Cobb Salad arrived perfectly hot. Great job Garcia, Pena and Adams!",2022-06-05
474,474,131,40,26,4,en,"Best Cheesecake in the area, hands down. Hawkins PLC never disappoints.",2022-05-15
475,475,235,13,92,5,en,Really happy with this order - Diavola was fresh and the courier kept us updated the whole way.,2022-04-30
476,476,475,41,87,1,en,"Disappointed with Peters, Golden and Ballard - the Caprese Salad arrived cold and the order took much longer than promised. Had to track down the courier ourselves, no updates on the app.",2022-05-16
477,477,338,38,65,3,en,Average experience. Mushroom Swiss Burger was decent but a bit pricey for the portion size.,2024-11-24
478,478,377,4,71,1,en,Wrong items in the bag - we ordered Diavola and got something else entirely. Refund requested.,2024-07-09
479,479,400,12,89,5,en,"The Ravioli Ricotta e Spinaci from Cruz, Jackson and Kane was excellent and the courier was friendly and quick. Will order again! Delivery driver even called ahead, nice touch.",2022-07-11
480,480,199,43,77,4,en,"The Falafel Bowl from Arnold, Montgomery and Doyle was excellent and the courier was friendly and quick. Will order again!",2024-08-25
481,481,215,39,89,5,en,Really happy with this order - Veggie Burger was fresh and the courier kept us updated the whole way. Courier was polite and on time.,2022-10-29
482,482,232,9,18,2,en,"The Diavola from Lowe, Ewing and Short was soggy by the time it got to us. Not ordering from here again.",2023-10-26
483,483,432,45,71,1,en,Order was late and the courier never called when they couldn't find our building. Double Beef Burger was barely warm. Courier was rude when we asked about the delay.,2024-02-20
484,484,112,13,27,2,en,"Gallegos, Taylor and West used to be reliable but the last few orders have been late and the Dish portion has shrunk. Courier was rude when we asked about the delay.",2024-02-25
485,485,68,46,84,2,en,Wrong items in the bag - we ordered Classic Cheeseburger and got something else entirely. Refund requested.,2023-07-09
486,486,60,49,46,4,en,Really happy with this order - Chocolate Brownie was fresh and the courier kept us updated the whole way.,2023-06-13
487,487,383,35,37,3,en,Average experience. Dish was decent but a bit pricey for the portion size.,2024-06-04
488,488,13,25,19,3,en,Average experience. Dish was decent but a bit pricey for the portion size.,2024-01-06
489,489,385,11,37,4,en,"Fast delivery and the Veggie Burger arrived perfectly hot. Great job Dominguez-Short! Delivery driver even called ahead, nice touch.",2022-10-03
490,490,402,19,27,3,en,"Thomas-Williamson got the order right this time, Grilled Vegetable Skewers was okay, packaging could be better.",2022-02-08
491,491,316,44,95,5,en,Fast delivery and the Mushroom Swiss Burger arrived perfectly hot. Great job Whitaker-Paul!,2024-08-07
492,492,262,45,37,4,en,Really happy with this order - Cheesecake was fresh and the courier kept us updated the whole way. Courier was polite and on time.,2024-01-01
493,493,214,44,41,4,en,Really happy with this order - Fettuccine Alfredo was fresh and the courier kept us updated the whole way. Courier was polite and on time.,2022-03-01
494,494,318,50,57,3,en,"The Dish from Kelly, Harris and Pruitt was fine, nothing special. Delivery was on time at least.",2024-09-29
495,495,280,48,78,1,en,Disappointed with Williams LLC - the Tagliatelle al Ragù arrived cold and the order took much longer than promised.,2024-05-03
496,496,230,12,88,5,en,"Best Ravioli Ricotta e Spinaci in the area, hands down. Cruz, Jackson and Kane never disappoints.",2022-07-26
497,497,264,8,49,5,en,The order from Bell-Jimenez was excellent and the courier was friendly and quick. Will order again!,2023-04-15
498,498,83,38,33,1,en,Order was late and the courier never called when they couldn't find our building. Calzone was barely warm.,2022-12-30
499,499,79,21,77,4,en,Really happy with this order - Crème Brûlée was fresh and the courier kept us updated the whole way. Courier was polite and on time.,2024-04-28
500,500,405,37,71,1,en,"Guzman, Brown and Larsen used to be reliable but the last few orders have been late and the Dish portion has shrunk.",2022-03-22
501,501,113,12,67,3,en,"Cruz, Jackson and Kane got the order right this time, Dish was okay, packaging could be better.",2024-05-11
502,502,279,35,52,2,en,"Wrong items in the bag - we ordered Dish and got something else entirely. Refund requested. Had to track down the courier ourselves, no updates on the app.",2023-01-20
503,503,170,22,47,5,en,"Five stars. Sanders, Smith and Smith nailed the Tagliatelle al Ragù again, still hot and packed carefully.",2022-08-30
504,504,288,49,84,1,en,Wrong items in the bag - we ordered Ravioli Ricotta e Spinaci and got something else entirely. Refund requested.,2022-05-06
505,505,124,42,79,4,en,"Best BBQ Burger in the area, hands down. Olson-Estrada never disappoints. Delivery driver even called ahead, nice touch.",2022-09-27
506,506,454,21,49,3,en,"Delivery took about as long as the app estimated. Crème Brûlée tasted fine, would order again if nothing closer is open.",2023-03-02
507,507,145,2,67,5,en,Really happy with this order - Dish was fresh and the courier kept us updated the whole way.,2023-07-18
508,508,250,3,38,1,en,Order was late and the courier never called when they couldn't find our building. Vegan Chili was barely warm.,2022-08-01
509,509,486,7,22,5,en,"Fast delivery and the Dish arrived perfectly hot. Great job Castaneda, Day and Weaver!",2023-08-10
510,510,344,41,100,4,en,"Fast delivery and the Classic Cheeseburger arrived perfectly hot. Great job Peters, Golden and Ballard!",2024-08-06
511,511,106,35,90,1,en,The Lentil Soup from Ross Group was soggy by the time it got to us. Not ordering from here again.,2023-12-11
512,512,352,10,4,2,en,Miles Group used to be reliable but the last few orders have been late and the Dish portion has shrunk.,2024-02-26
513,513,38,4,23,3,en,Average experience. Diavola was decent but a bit pricey for the portion size.,2023-09-05
514,514,209,25,58,2,en,Hill-Mckay used to be reliable but the last few orders have been late and the Dish portion has shrunk.,2023-03-20
515,515,200,44,16,3,en,"Delivery took about as long as the app estimated. Quattro Formaggi tasted fine, would order again if nothing closer is open.",2022-01-09
516,516,300,3,90,1,en,"Disappointed with Garcia, Pena and Adams - the Cobb Salad arrived cold and the order took much longer than promised.",2023-01-31
517,517,149,44,39,5,en,The Mushroom Swiss Burger from Whitaker-Paul was excellent and the courier was friendly and quick. Will order again!,2022-04-08
518,518,203,43,4,4,en,"The Falafel Bowl from Arnold, Montgomery and Doyle was excellent and the courier was friendly and quick. Will order again! Courier was polite and on time.",2022-06-22
519,519,383,26,70,1,en,Lang PLC used to be reliable but the last few orders have been late and the Dish portion has shrunk. Courier was rude when we asked about the delay.,2024-11-20
520,520,347,47,83,1,en,Herman-Williams used to be reliable but the last few orders have been late and the Apple Strudel portion has shrunk.,2024-11-15
521,521,448,36,19,5,en,"Five stars. Sanders LLC nailed the Falafel Bowl again, still hot and packed carefully. Delivery driver even called ahead, nice touch.",2022-02-18
522,522,281,6,40,1,en,"The Crème Brûlée from Neal, Gomez and Watkins was soggy by the time it got to us. Not ordering from here again.",2024-04-01
523,523,212,42,66,3,en,"Olson-Estrada got the order right this time, Dish was okay, packaging could be better.",2022-06-27
524,524,428,17,25,5,en,Fast delivery and the Dish arrived perfectly hot. Great job Rojas-Tanner!,2022-07-18
525,525,237,42,71,5,en,Fast delivery and the Dish arrived perfectly hot. Great job Olson-Estrada!,2022-11-15
526,526,51,13,93,1,en,"The Diavola from Gallegos, Taylor and West was soggy by the time it got to us. Not ordering from here again.",2023-06-22
527,527,66,43,84,2,en,"Arnold, Montgomery and Doyle used to be reliable but the last few orders have been late and the Dish portion has shrunk. Had to track down the courier ourselves, no updates on the app.",2022-04-20
528,528,163,32,58,4,en,Really happy with this order - Dish was fresh and the courier kept us updated the whole way.,2023-11-07
529,529,300,10,73,5,en,The Fettuccine Alfredo from Miles Group was excellent and the courier was friendly and quick. Will order again!,2023-02-04
530,530,87,1,41,2,en,"Williams, Campos and Cummings used to be reliable but the last few orders have been late and the Lasagna portion has shrunk.",2024-05-11
531,531,431,24,18,5,en,"The Diavola from Bell, Williamson and Duncan was excellent and the courier was friendly and quick. Will order again!",2024-03-17
532,532,229,23,100,4,en,"Best Dish in the area, hands down. Ellis, Parks and Jimenez never disappoints.",2023-06-18
533,533,331,39,11,4,en,The Veggie Burger from Meyer-Carrillo was excellent and the courier was friendly and quick. Will order again! Courier was polite and on time.,2024-07-30
534,534,101,17,94,1,en,Rojas-Tanner used to be reliable but the last few orders have been late and the Dish portion has shrunk.,2022-03-28
535,535,435,33,81,4,en,The Prosciutto e Funghi from Murphy and Sons was excellent and the courier was friendly and quick. Will order again! Courier was polite and on time.,2024-06-09
536,536,109,3,71,3,en,"The Vegan Chili from Garcia, Pena and Adams was fine, nothing special. Delivery was on time at least.",2023-08-22
537,537,335,50,20,2,en,Order was late and the courier never called when they couldn't find our building. Caesar Salad was barely warm.,2023-03-07
538,538,238,33,66,1,en,Wrong items in the bag - we ordered Double Beef Burger and got something else entirely. Refund requested.,2023-03-13
539,539,340,16,79,3,en,"Delivery took about as long as the app estimated. Bacon Burger tasted fine, would order again if nothing closer is open.",2022-07-03
540,540,229,11,23,2,en,Order was late and the courier never called when they couldn't find our building. Veggie Burger was barely warm.,2024-11-08
541,541,375,31,46,1,en,Wrong items in the bag - we ordered Napolitana and got something else entirely. Refund requested.,2022-08-31
542,542,33,17,48,5,en,"Best Spaghetti Carbonara in the area, hands down. Rojas-Tanner never disappoints.",2022-02-19
543,543,465,24,50,2,en,Order was late and the courier never called when they couldn't find our building. Diavola was barely warm.,2024-10-06
544,544,333,21,14,4,en,"Five stars. Duran PLC nailed the Crème Brûlée again, still hot and packed carefully.",2024-11-30
545,545,135,38,70,2,en,"The Cobb Salad from Nelson LLC was soggy by the time it got to us. Not ordering from here again. Had to track down the courier ourselves, no updates on the app.",2022-07-12
546,546,301,42,10,3,en,Average experience. BBQ Burger was decent but a bit pricey for the portion size.,2022-10-06
547,547,208,23,45,2,en,"Disappointed with Ellis, Parks and Jimenez - the Dish arrived cold and the order took much longer than promised.",2024-05-21
548,548,452,9,57,4,en,"Five stars. Lowe, Ewing and Short nailed the Cheesecake again, still hot and packed carefully. Courier was polite and on time.",2022-09-12
549,549,144,14,20,1,en,Disappointed with Jensen-Watkins - the order arrived cold and the order took much longer than promised.,2022-06-25
550,550,118,27,43,2,en,Rodriguez-Murray used to be reliable but the last few orders have been late and the Grilled Vegetable Skewers portion has shrunk.,2023-06-14
551,551,108,38,21,2,en,Nelson LLC used to be reliable but the last few orders have been late and the Cobb Salad portion has shrunk. Courier was rude when we asked about the delay.,2024-07-05
552,552,23,9,74,1,en,"Disappointed with Lowe, Ewing and Short - the Cheesecake arrived cold and the order took much longer than promised. Had to track down the courier ourselves, no updates on the app.",2022-06-27
553,553,457,37,19,4,en,Really happy with this order - Dish was fresh and the courier kept us updated the whole way.,2022-07-03
554,554,491,26,77,5,en,"Five stars. Lang PLC nailed the Dish again, still hot and packed carefully.",2023-11-30
555,555,111,29,78,1,en,"Disappointed with Cooper, Ross and Perkins - the Ravioli Ricotta e Spinaci arrived cold and the order took much longer than promised.",2024-08-11
556,556,426,27,77,5,en,Fast delivery and the Tofu Stir-Fry arrived perfectly hot. Great job Rodriguez-Murray!,2024-05-21
557,557,338,33,34,5,en,"Five stars. Murphy and Sons nailed the Double Beef Burger again, still hot and packed carefully.",2024-03-06
558,558,306,38,9,4,en,Really happy with this order - Cobb Salad was fresh and the courier kept us updated the whole way.,2023-02-21
559,559,9,13,67,3,en,"Gallegos, Taylor and West got the order right this time, Dish was okay, packaging could be better.",2024-01-22
560,560,50,12,61,3,en,"Delivery took about as long as the app estimated. Ravioli Ricotta e Spinaci tasted fine, would order again if nothing closer is open.",2023-10-23
561,561,386,8,12,5,en,Really happy with this order - order was fresh and the courier kept us updated the whole way. Courier was polite and on time.,2023-12-27
562,562,460,50,87,1,en,"Kelly, Harris and Pruitt used to be reliable but the last few orders have been late and the Dish portion has shrunk. Had to track down the courier ourselves, no updates on the app.",2023-04-20
563,563,448,3,90,2,en,"Garcia, Pena and Adams used to be reliable but the last few orders have been late and the Ravioli Ricotta e Spinaci portion has shrunk.",2023-04-18
564,564,180,38,95,5,en,Fast delivery and the Cobb Salad arrived perfectly hot. Great job Nelson LLC!,2023-09-27
565,565,131,31,99,2,en,Order was late and the courier never called when they couldn't find our building. Napolitana was barely warm.,2024-09-27
566,566,307,35,53,2,en,Ross Group used to be reliable but the last few orders have been late and the Dish portion has shrunk.,2022-07-30
567,567,268,8,67,3,en,"The order from Bell-Jimenez was fine, nothing special. Delivery was on time at least.",2023-02-18
568,568,412,21,53,5,en,Fast delivery and the Dish arrived perfectly hot. Great job Duran PLC!,2022-04-28
569,569,300,17,34,2,en,Order was late and the courier never called when they couldn't find our building. Spaghetti Carbonara was barely warm.,2023-04-12
570,570,142,44,51,5,en,"Best Ravioli Ricotta e Spinaci in the area, hands down. Whitaker-Paul never disappoints. Courier was polite and on time.",2023-04-01
571,571,190,36,72,3,en,"The Falafel Bowl from Sanders LLC was fine, nothing special. Delivery was on time at least.",2022-10-07
572,572,177,50,91,2,en,Order was late and the courier never called when they couldn't find our building. Caesar Salad was barely warm.,2024-03-19
573,573,118,29,90,5,en,"The Ravioli Ricotta e Spinaci from Cooper, Ross and Perkins was excellent and the courier was friendly and quick. Will order again!",2022-04-21
574,574,403,22,71,1,en,"The Tagliatelle al Ragù from Sanders, Smith and Smith was soggy by the time it got to us. Not ordering from here again.",2024-02-04
575,575,200,41,1,1,en,"The Dish from Peters, Golden and Ballard was soggy by the time it got to us. Not ordering from here again.",2024-06-23
576,576,223,6,9,4,en,"Five stars. Neal, Gomez and Watkins nailed the Crème Brûlée again, still hot and packed carefully. Courier was polite and on time.",2022-09-04
577,577,20,47,50,3,en,"The Cobb Salad from Herman-Williams was fine, nothing special. Delivery was on time at least.",2023-11-04
578,578,365,39,8,4,en,"Best Veggie Burger in the area, hands down. Meyer-Carrillo never disappoints.",2023-12-06
579,579,104,43,67,2,en,Order was late and the courier never called when they couldn't find our building. Penne Arrabbiata was barely warm.,2022-08-04
580,580,358,15,79,3,en,Average experience. Margherita was decent but a bit pricey for the portion size.,2024-01-10
581,581,336,1,21,1,en,"Williams, Campos and Cummings used to be reliable but the last few orders have been late and the Dish portion has shrunk.",2024-12-31
582,582,343,26,52,4,en,Really happy with this order - Dish was fresh and the courier kept us updated the whole way.,2022-08-09
583,583,361,5,12,3,en,"The Diavola from Wallace, Ortiz and Murray was fine, nothing special. Delivery was on time at least.",2022-11-11
584,584,494,18,29,3,en,"The Penne Arrabbiata from Hensley, Johnson and Adams was fine, nothing special. Delivery was on time at least.",2024-11-21
585,585,295,1,34,3,en,"Delivery took about as long as the app estimated. Dish tasted fine, would order again if nothing closer is open.",2023-03-23
586,586,38,33,38,4,en,"Best Prosciutto e Funghi in the area, hands down. Murphy and Sons never disappoints.",2024-11-05
587,587,449,35,74,5,en,"Really happy with this order - Dish was fresh and the courier kept us updated the whole way. Delivery driver even called ahead, nice touch.",2024-02-03
588,588,248,50,32,2,en,"Order was late and the courier never called when they couldn't find our building. Dish was barely warm. Had to track down the courier ourselves, no updates on the app.",2024-11-20
589,589,236,38,4,3,en,"Nelson LLC got the order right this time, Calzone was okay, packaging could be better.",2022-05-10
590,590,325,15,87,1,en,Order was late and the courier never called when they couldn't find our building. Margherita was barely warm.,2022-09-11
591,591,490,23,67,1,en,"The Bacon Burger from Ellis, Parks and Jimenez was soggy by the time it got to us. Not ordering from here again.",2022-01-13
592,592,148,6,52,2,en,"Neal, Gomez and Watkins used to be reliable but the last few orders have been late and the Crème Brûlée portion has shrunk.",2024-04-03
593,593,284,12,61,1,en,"The Ravioli Ricotta e Spinaci from Cruz, Jackson and Kane was soggy by the time it got to us. Not ordering from here again.",2023-01-24
594,594,485,48,88,3,en,"The Spaghetti Carbonara from Williams LLC was fine, nothing special. Delivery was on time at least.",2023-07-02
595,595,377,16,34,1,en,"Wrong items in the bag - we ordered Classic Cheeseburger and got something else entirely. Refund requested. Had to track down the courier ourselves, no updates on the app.",2022-09-12
596,596,183,10,100,1,en,Order was late and the courier never called when they couldn't find our building. Dish was barely warm.,2022-05-12
597,597,490,43,64,2,en,"Disappointed with Arnold, Montgomery and Doyle - the Ravioli Ricotta e Spinaci arrived cold and the order took much longer than promised.",2022-01-08
598,598,435,31,48,5,en,"Best Napolitana in the area, hands down. Johnson, Roberts and Smith never disappoints.",2022-12-12
599,599,94,49,66,2,en,"Order was late and the courier never called when they couldn't find our building. Ravioli Ricotta e Spinaci was barely warm. Had to track down the courier ourselves, no updates on the app.",2023-03-15
600,600,270,28,62,2,en,Disappointed with Combs-Stone - the Pepperoni arrived cold and the order took much longer than promised.,2022-02-07
601,601,441,44,100,1,en,Whitaker-Paul used to be reliable but the last few orders have been late and the Quattro Formaggi portion has shrunk.,2023-05-18
602,602,266,30,41,5,en,"Best Dish in the area, hands down. Rodriguez, James and Frank never disappoints.",2022-01-13
603,603,298,7,42,3,en,"Delivery took about as long as the app estimated. Diavola tasted fine, would order again if nothing closer is open.",2023-11-03
604,604,281,17,31,3,en,"Rojas-Tanner got the order right this time, Dish was okay, packaging could be better.",2023-06-04
605,605,95,32,55,5,en,"The Ravioli Ricotta e Spinaci from Jackson, Bowman and Drake was excellent and the courier was friendly and quick. Will order again!",2023-04-07
606,606,438,26,36,5,en,Really happy with this order - Fettuccine Alfredo was fresh and the courier kept us updated the whole way.,2022-07-17
607,607,352,15,13,4,en,The Bacon Burger from Cooper and Sons was excellent and the courier was friendly and quick. Will order again!,2024-06-02
608,608,101,10,95,5,en,"Best Dish in the area, hands down. Miles Group never disappoints.",2023-06-06
609,609,216,32,18,5,en,"Fast delivery and the Lasagna arrived perfectly hot. Great job Jackson, Bowman and Drake!",2023-07-23
610,610,154,17,72,1,en,Rojas-Tanner used to be reliable but the last few orders have been late and the Dish portion has shrunk.,2022-02-25
611,611,84,4,28,2,en,The Diavola from Howell Group was soggy by the time it got to us. Not ordering from here again.,2023-06-08
612,612,382,22,34,3,en,"Sanders, Smith and Smith got the order right this time, Tagliatelle al Ragù was okay, packaging could be better.",2023-01-30
613,613,11,27,16,5,en,The Caprese Salad from Rodriguez-Murray was excellent and the courier was friendly and quick. Will order again!,2024-08-08
614,614,295,42,84,4,en,Fast delivery and the BBQ Burger arrived perfectly hot. Great job Olson-Estrada!,2022-07-11
615,615,167,44,66,1,en,Whitaker-Paul used to be reliable but the last few orders have been late and the Tiramisu portion has shrunk.,2024-04-29
616,616,196,40,37,4,en,"Best Caprese Salad in the area, hands down. Hawkins PLC never disappoints.",2023-11-24
617,617,328,22,54,4,en,"Best Diavola in the area, hands down. Sanders, Smith and Smith never disappoints. Delivery driver even called ahead, nice touch.",2023-11-06
618,618,41,11,44,1,en,The Veggie Burger from Dominguez-Short was soggy by the time it got to us. Not ordering from here again. Courier was rude when we asked about the delay.,2022-12-10
619,619,137,39,83,4,en,"Best Cobb Salad in the area, hands down. Meyer-Carrillo never disappoints.",2022-10-27
620,620,383,38,67,1,en,Wrong items in the bag - we ordered Calzone and got something else entirely. Refund requested.,2023-04-01
621,621,65,47,31,2,en,Wrong items in the bag - we ordered Cobb Salad and got something else entirely. Refund requested. Courier was rude when we asked about the delay.,2022-10-06
622,622,86,26,14,1,en,Lang PLC used to be reliable but the last few orders have been late and the Fettuccine Alfredo portion has shrunk.,2022-03-13
623,623,28,2,99,3,en,"Delivery took about as long as the app estimated. Dish tasted fine, would order again if nothing closer is open.",2023-07-30
624,624,135,40,20,4,en,Fast delivery and the Caprese Salad arrived perfectly hot. Great job Hawkins PLC!,2023-12-22
625,625,118,16,95,5,en,"The Bacon Burger from Nelson, Graham and Fields was excellent and the courier was friendly and quick. Will order again!",2023-05-01
626,626,270,11,4,4,en,The Veggie Burger from Dominguez-Short was excellent and the courier was friendly and quick. Will order again!,2024-01-01
627,627,240,35,35,1,en,Disappointed with Ross Group - the Lentil Soup arrived cold and the order took much longer than promised.,2023-05-06
628,628,303,39,59,5,en,"Best Veggie Burger in the area, hands down. Meyer-Carrillo never disappoints. Delivery driver even called ahead, nice touch.",2024-04-02
629,629,328,41,69,3,en,"The Dish from Peters, Golden and Ballard was fine, nothing special. Delivery was on time at least.",2024-09-25
630,630,117,6,57,1,en,Wrong items in the bag - we ordered Crème Brûlée and got something else entirely. Refund requested.,2023-02-08
631,631,156,1,1,2,en,"The Lasagna from Williams, Campos and Cummings was soggy by the time it got to us. Not ordering from here again. Had to track down the courier ourselves, no updates on the app.",2024-06-15
632,632,147,31,69,3,en,"Johnson, Roberts and Smith got the order right this time, Napolitana was okay, packaging could be better.",2024-01-24
633,633,154,1,99,4,en,"The Lasagna from Williams, Campos and Cummings was excellent and the courier was friendly and quick. Will order again!",2024-05-26
634,634,281,24,25,1,en,"Bell, Williamson and Duncan used to be reliable but the last few orders have been late and the Diavola portion has shrunk.",2024-08-27
635,635,128,11,92,3,en,"The Tofu Stir-Fry from Dominguez-Short was fine, nothing special. Delivery was on time at least.",2023-03-05
636,636,135,6,55,1,en,"Order was late and the courier never called when they couldn't find our building. Crème Brûlée was barely warm. Had to track down the courier ourselves, no updates on the app.",2022-09-23
637,637,333,48,69,4,en,Really happy with this order - Lentil Soup was fresh and the courier kept us updated the whole way.,2023-03-31
638,638,70,19,15,3,en,Average experience. Vegan Chili was decent but a bit pricey for the portion size.,2023-05-15
639,639,359,40,63,5,en,"Five stars. Hawkins PLC nailed the Falafel Bowl again, still hot and packed carefully. Courier was polite and on time.",2022-12-20
640,640,497,35,3,2,en,The Caprese Salad from Ross Group was soggy by the time it got to us. Not ordering from here again.,2024-12-01
641,641,65,46,57,5,en,"Five stars. Smith Group nailed the Cobb Salad again, still hot and packed carefully. Delivery driver even called ahead, nice touch.",2022-09-14
642,642,253,14,44,5,en,"Best order in the area, hands down. Jensen-Watkins never disappoints.",2022-12-11
643,643,238,45,5,3,en,"Delivery took about as long as the app estimated. Double Beef Burger tasted fine, would order again if nothing closer is open.",2022-03-29
644,644,137,50,51,2,en,"Disappointed with Kelly, Harris and Pruitt - the Dish arrived cold and the order took much longer than promised.",2023-08-20
645,645,459,17,49,2,en,Order was late and the courier never called when they couldn't find our building. Classic Cheeseburger was barely warm.,2022-05-14
646,646,395,29,32,4,en,"Fast delivery and the Bacon Burger arrived perfectly hot. Great job Cooper, Ross and Perkins! Delivery driver even called ahead, nice touch.",2022-08-10
647,647,341,14,61,4,en,"Five stars. Jensen-Watkins nailed the order again, still hot and packed carefully. Courier was polite and on time.",2024-01-20
648,648,82,41,94,5,en,"The Classic Cheeseburger from Peters, Golden and Ballard was excellent and the courier was friendly and quick. Will order again!",2024-03-27
649,649,63,17,62,3,en,"Delivery took about as long as the app estimated. Spaghetti Carbonara tasted fine, would order again if nothing closer is open.",2022-11-24
650,650,443,43,28,1,en,"The Penne Arrabbiata from Arnold, Montgomery and Doyle was soggy by the time it got to us. Not ordering from here again.",2022-09-18
651,651,8,11,36,5,en,The Dish from Dominguez-Short was excellent and the courier was friendly and quick. Will order again!,2022-05-12
652,652,497,3,75,4,en,Really happy with this order - Cobb Salad was fresh and the courier kept us updated the whole way.,2023-06-07
653,653,395,6,32,4,en,"Best Tiramisu in the area, hands down. Neal, Gomez and Watkins never disappoints. Courier was polite and on time.",2023-07-03
654,654,31,4,46,4,en,The Diavola from Howell Group was excellent and the courier was friendly and quick. Will order again!,2022-06-20
655,655,65,32,30,4,en,"The Classic Cheeseburger from Jackson, Bowman and Drake was excellent and the courier was friendly and quick. Will order again!",2024-12-11
656,656,376,13,3,4,en,"The Dish from Gallegos, Taylor and West was excellent and the courier was friendly and quick. Will order again! Courier was polite and on time.",2023-02-22
657,657,461,3,63,1,en,"Garcia, Pena and Adams used to be reliable but the last few orders have been late and the Cobb Salad portion has shrunk. Courier was rude when we asked about the delay.",2023-04-26
658,658,357,32,25,1,en,"Wrong items in the bag - we ordered Ravioli Ricotta e Spinaci and got something else entirely. Refund requested. Had to track down the courier ourselves, no updates on the app.",2022-07-24
659,659,375,30,36,4,en,"Best Tagliatelle al Ragù in the area, hands down. Rodriguez, James and Frank never disappoints.",2024-09-29
660,660,36,34,20,3,en,"Delivery took about as long as the app estimated. Vegan Buddha Bowl tasted fine, would order again if nothing closer is open.",2022-11-22
661,661,188,30,1,2,en,"Rodriguez, James and Frank used to be reliable but the last few orders have been late and the Dish portion has shrunk.",2023-07-11
662,662,318,24,100,3,en,Average experience. Diavola was decent but a bit pricey for the portion size.,2022-09-19
663,663,496,35,50,3,en,"Ross Group got the order right this time, Dish was okay, packaging could be better.",2023-07-30
664,664,79,40,37,5,en,"Five stars. Hawkins PLC nailed the Ravioli Ricotta e Spinaci again, still hot and packed carefully.",2023-03-29
665,665,50,34,85,4,en,Really happy with this order - Prosciutto e Funghi was fresh and the courier kept us updated the whole way.,2022-02-19
666,666,448,3,26,2,en,"The Vegan Chili from Garcia, Pena and Adams was soggy by the time it got to us. Not ordering from here again.",2023-06-18
667,667,293,42,50,1,en,Order was late and the courier never called when they couldn't find our building. Diavola was barely warm.,2023-06-22
668,668,188,15,78,4,en,"Really happy with this order - Bacon Burger was fresh and the courier kept us updated the whole way. Delivery driver even called ahead, nice touch.",2022-03-21
669,669,252,6,60,2,en,Order was late and the courier never called when they couldn't find our building. Caprese Salad was barely warm.,2022-03-11
670,670,407,46,8,1,en,The Pepperoni from Smith Group was soggy by the time it got to us. Not ordering from here again.,2022-10-21
671,671,37,20,10,2,en,The BBQ Burger from Garza-Shea was soggy by the time it got to us. Not ordering from here again.,2024-11-18
672,672,372,15,69,2,en,"Wrong items in the bag - we ordered Caesar Salad and got something else entirely. Refund requested. Had to track down the courier ourselves, no updates on the app.",2022-07-28
673,673,128,37,81,2,en,Order was late and the courier never called when they couldn't find our building. Dish was barely warm.,2023-09-07
674,674,55,50,82,3,en,"The Dish from Kelly, Harris and Pruitt was fine, nothing special. Delivery was on time at least.",2023-01-28
675,675,341,28,14,5,en,The Crème Brûlée from Combs-Stone was excellent and the courier was friendly and quick. Will order again! Courier was polite and on time.,2024-05-19
676,676,259,22,85,4,en,"Fast delivery and the Spaghetti Carbonara arrived perfectly hot. Great job Sanders, Smith and Smith! Courier was polite and on time.",2023-08-12
677,677,463,21,71,4,en,Really happy with this order - Vegan Chili was fresh and the courier kept us updated the whole way.,2024-07-17
678,678,221,47,42,3,en,"Herman-Williams got the order right this time, Apple Strudel was okay, packaging could be better.",2022-09-22
679,679,193,50,71,4,en,"Five stars. Kelly, Harris and Pruitt nailed the Dish again, still hot and packed carefully.",2023-01-31
680,680,492,26,1,3,en,"The Fettuccine Alfredo from Lang PLC was fine, nothing special. Delivery was on time at least.",2024-12-16
681,681,70,20,1,3,en,"Garza-Shea got the order right this time, Lentil Soup was okay, packaging could be better.",2024-12-17
682,682,12,50,89,1,en,"Disappointed with Kelly, Harris and Pruitt - the Dish arrived cold and the order took much longer than promised.",2024-10-06
683,683,293,37,20,1,en,"Disappointed with Guzman, Brown and Larsen - the Dish arrived cold and the order took much longer than promised.",2022-02-13
684,684,71,17,47,3,en,Average experience. Classic Cheeseburger was decent but a bit pricey for the portion size.,2022-10-01
685,685,48,37,52,5,en,"The Dish from Guzman, Brown and Larsen was excellent and the courier was friendly and quick. Will order again!",2024-10-04
686,686,167,31,23,3,en,Average experience. Napolitana was decent but a bit pricey for the portion size.,2024-06-24
687,687,329,20,5,5,en,Really happy with this order - BBQ Burger was fresh and the courier kept us updated the whole way.,2023-02-23
688,688,179,28,54,1,en,Combs-Stone used to be reliable but the last few orders have been late and the Tagliatelle al Ragù portion has shrunk.,2024-08-14
689,689,335,39,2,5,en,"Five stars. Meyer-Carrillo nailed the Veggie Burger again, still hot and packed carefully. Courier was polite and on time.",2024-05-05
690,690,157,34,6,3,en,Average experience. Prosciutto e Funghi was decent but a bit pricey for the portion size.,2023-08-18
691,691,258,45,29,4,en,"Best Double Beef Burger in the area, hands down. Tran Group never disappoints.",2022-02-27
692,692,386,39,74,2,en,Wrong items in the bag - we ordered Veggie Burger and got something else entirely. Refund requested.,2022-04-12
693,693,403,26,19,1,en,Lang PLC used to be reliable but the last few orders have been late and the Fettuccine Alfredo portion has shrunk. Courier was rude when we asked about the delay.,2023-01-07
694,694,382,4,71,5,en,"Best Quattro Formaggi in the area, hands down. Howell Group never disappoints.",2022-10-18
695,695,223,50,90,1,en,"Disappointed with Kelly, Harris and Pruitt - the Caesar Salad arrived cold and the order took much longer than promised.",2024-04-17
696,696,102,32,51,3,en,"The Dish from Jackson, Bowman and Drake was fine, nothing special. Delivery was on time at least.",2023-09-20
697,697,125,5,35,4,en,"Five stars. Wallace, Ortiz and Murray nailed the Diavola again, still hot and packed carefully.",2022-12-22
698,698,344,27,55,1,en,"Order was late and the courier never called when they couldn't find our building. Caprese Salad was barely warm. Had to track down the courier ourselves, no updates on the app.",2023-01-18
699,699,305,42,4,3,en,"The BBQ Burger from Olson-Estrada was fine, nothing special. Delivery was on time at least.",2022-07-08
700,700,421,29,80,3,en,Average experience. Grilled Vegetable Skewers was decent but a bit pricey for the portion size.,2023-04-29
701,701,351,24,20,2,en,Order was late and the courier never called when they couldn't find our building. Diavola was barely warm.,2022-05-05
702,702,486,40,19,4,en,"Best Cheesecake in the area, hands down. Hawkins PLC never disappoints.",2022-01-16
703,703,231,31,3,1,en,"Johnson, Roberts and Smith used to be reliable but the last few orders have been late and the Dish portion has shrunk.",2022-08-18
704,704,105,35,67,4,en,Fast delivery and the Caprese Salad arrived perfectly hot. Great job Ross Group! Courier was polite and on time.,2023-08-27
705,705,358,43,3,5,en,Really happy with this order - Falafel Bowl was fresh and the courier kept us updated the whole way.,2023-10-02
706,706,131,11,8,5,en,"Best Dish in the area, hands down. Dominguez-Short never disappoints.",2022-08-12
707,707,239,42,2,3,en,"The Diavola from Olson-Estrada was fine, nothing special. Delivery was on time at least.",2023-03-03
708,708,437,43,47,5,en,"Five stars. Arnold, Montgomery and Doyle nailed the Penne Arrabbiata again, still hot and packed carefully.",2022-01-24
709,709,195,33,91,3,en,"Murphy and Sons got the order right this time, Double Beef Burger was okay, packaging could be better.",2024-09-17
710,710,273,6,24,4,en,Really happy with this order - Tiramisu was fresh and the courier kept us updated the whole way.,2023-07-05
711,711,475,46,3,4,en,"The Pepperoni from Smith Group was excellent and the courier was friendly and quick. Will order again! Delivery driver even called ahead, nice touch.",2022-10-02
712,712,171,32,51,1,en,"Jackson, Bowman and Drake used to be reliable but the last few orders have been late and the Dish portion has shrunk.",2022-01-22
713,713,321,20,31,1,en,Order was late and the courier never called when they couldn't find our building. Chocolate Brownie was barely warm.,2022-10-31
714,714,132,25,4,1,en,Order was late and the courier never called when they couldn't find our building. Crème Brûlée was barely warm. Courier was rude when we asked about the delay.,2024-11-09
715,715,175,26,85,1,en,Disappointed with Lang PLC - the Fettuccine Alfredo arrived cold and the order took much longer than promised.,2022-04-10
716,716,492,44,79,4,en,The Fettuccine Alfredo from Whitaker-Paul was excellent and the courier was friendly and quick. Will order again!,2024-01-24
717,717,294,10,55,5,en,Fast delivery and the Fettuccine Alfredo arrived perfectly hot. Great job Miles Group!,2024-09-25
718,718,278,9,27,4,en,"The Diavola from Lowe, Ewing and Short was excellent and the courier was friendly and quick. Will order again! Delivery driver even called ahead, nice touch.",2022-06-03
719,719,410,13,18,4,en,"Really happy with this order - Chocolate Brownie was fresh and the courier kept us updated the whole way. Delivery driver even called ahead, nice touch.",2024-01-28
720,720,221,50,19,3,en,"Kelly, Harris and Pruitt got the order right this time, Dish was okay, packaging could be better.",2024-10-20
721,721,35,36,69,4,en,"Best Falafel Bowl in the area, hands down. Sanders LLC never disappoints.",2022-07-21
722,722,16,49,41,3,en,Average experience. Greek Salad was decent but a bit pricey for the portion size.,2024-11-21
723,723,382,41,95,3,en,Average experience. Classic Cheeseburger was decent but a bit pricey for the portion size.,2022-06-19
724,724,68,12,4,3,en,Average experience. Ravioli Ricotta e Spinaci was decent but a bit pricey for the portion size.,2023-11-09
725,725,119,15,88,4,en,The Dish from Cooper and Sons was excellent and the courier was friendly and quick. Will order again!,2023-01-29
726,726,258,39,61,3,en,"The Cobb Salad from Meyer-Carrillo was fine, nothing special. Delivery was on time at least.",2023-12-14
727,727,252,31,18,4,en,"Best Napolitana in the area, hands down. Johnson, Roberts and Smith never disappoints. Courier was polite and on time.",2022-08-02
728,728,392,1,35,2,en,Wrong items in the bag - we ordered Lasagna and got something else entirely. Refund requested. Courier was rude when we asked about the delay.,2022-09-02
729,729,34,12,57,5,en,Really happy with this order - Ravioli Ricotta e Spinaci was fresh and the courier kept us updated the whole way.,2023-06-24
730,730,455,16,55,5,en,"Fast delivery and the Dish arrived perfectly hot. Great job Nelson, Graham and Fields!",2024-05-01
731,731,161,26,79,4,en,Fast delivery and the Dish arrived perfectly hot. Great job Lang PLC!,2023-10-13
732,732,449,46,5,2,en,The Classic Cheeseburger from Smith Group was soggy by the time it got to us. Not ordering from here again. Courier was rude when we asked about the delay.,2022-05-02
733,733,450,16,67,2,en,Wrong items in the bag - we ordered Lasagna and got something else entirely. Refund requested.,2023-03-10
734,734,199,34,98,4,en,Fast delivery and the Vegan Buddha Bowl arrived perfectly hot. Great job Houston Inc!,2024-11-23
735,735,226,26,39,5,en,"Five stars. Lang PLC nailed the Dish again, still hot and packed carefully. Delivery driver even called ahead, nice touch.",2023-05-22
736,736,314,4,89,2,en,Howell Group used to be reliable but the last few orders have been late and the Quattro Formaggi portion has shrunk.,2024-09-17
737,737,232,6,93,3,en,"Delivery took about as long as the app estimated. Tiramisu tasted fine, would order again if nothing closer is open.",2022-05-05
738,738,202,27,42,5,en,The Caprese Salad from Rodriguez-Murray was excellent and the courier was friendly and quick. Will order again!,2022-01-31
739,739,460,46,26,3,en,"The Pepperoni from Smith Group was fine, nothing special. Delivery was on time at least.",2022-04-09
740,740,333,46,21,3,en,"Smith Group got the order right this time, Cobb Salad was okay, packaging could be better.",2024-03-16
741,741,362,29,82,1,en,Wrong items in the bag - we ordered Dish and got something else entirely. Refund requested.,2022-04-04
742,742,406,33,79,2,en,Order was late and the courier never called when they couldn't find our building. Prosciutto e Funghi was barely warm.,2023-02-22
743,743,394,11,43,5,en,Really happy with this order - Tofu Stir-Fry was fresh and the courier kept us updated the whole way. Courier was polite and on time.,2024-08-14
744,744,445,10,23,1,en,Disappointed with Miles Group - the Fettuccine Alfredo arrived cold and the order took much longer than promised.,2022-02-28
745,745,374,50,58,5,en,"The Caesar Salad from Kelly, Harris and Pruitt was excellent and the courier was friendly and quick. Will order again!",2023-11-21
746,746,492,13,1,5,en,"The Chocolate Brownie from Gallegos, Taylor and West was excellent and the courier was friendly and quick. Will order again! Delivery driver even called ahead, nice touch.",2024-04-19
747,747,255,32,70,3,en,Average experience. Dish was decent but a bit pricey for the portion size.,2023-10-30
748,748,112,38,85,4,en,"Best Calzone in the area, hands down. Nelson LLC never disappoints.",2023-05-15
749,749,308,39,1,5,en,Really happy with this order - Veggie Burger was fresh and the courier kept us updated the whole way. Courier was polite and on time.,2024-08-25
750,750,322,36,27,3,en,"Sanders LLC got the order right this time, Falafel Bowl was okay, packaging could be better.",2022-07-23
751,751,179,3,19,4,en,"The Pepperoni from Garcia, Pena and Adams was excellent and the courier was friendly and quick. Will order again!",2024-01-03
752,752,472,6,7,1,en,"Disappointed with Neal, Gomez and Watkins - the Tiramisu arrived cold and the order took much longer than promised.",2023-04-03
753,753,345,19,79,4,en,"Best Lentil Soup in the area, hands down. Thomas-Williamson never disappoints.",2024-01-29
754,754,384,38,47,4,en,"Five stars. Nelson LLC nailed the Cobb Salad again, still hot and packed carefully.",2022-04-16
755,755,189,25,9,5,en,"Best Greek Salad in the area, hands down. Hill-Mckay never disappoints.",2024-07-15
756,756,242,9,16,5,en,"The Diavola from Lowe, Ewing and Short was excellent and the courier was friendly and quick. Will order again! Courier was polite and on time.",2024-07-30
757,757,212,34,27,2,en,Houston Inc used to be reliable but the last few orders have been late and the Prosciutto e Funghi portion has shrunk.,2022-08-19
758,758,293,47,81,4,en,The Cobb Salad from Herman-Williams was excellent and the courier was friendly and quick. Will order again! Courier was polite and on time.,2024-12-20
759,759,353,39,91,1,en,"Wrong items in the bag - we ordered Cobb Salad and got something else entirely. Refund requested. Had to track down the courier ourselves, no updates on the app.",2023-04-16
760,760,270,37,80,2,en,Wrong items in the bag - we ordered Dish and got something else entirely. Refund requested.,2024-10-14
761,761,374,41,64,5,en,"The Tofu Stir-Fry from Peters, Golden and Ballard was excellent and the courier was friendly and quick. Will order again! Delivery driver even called ahead, nice touch.",2024-06-04
762,762,149,13,1,2,en,Wrong items in the bag - we ordered Dish and got something else entirely. Refund requested. Courier was rude when we asked about the delay.,2022-01-28
763,763,435,14,79,4,en,"Five stars. Jensen-Watkins nailed the order again, still hot and packed carefully. Delivery driver even called ahead, nice touch.",2023-04-02
764,764,287,41,28,5,en,"Fast delivery and the Lasagna arrived perfectly hot. Great job Peters, Golden and Ballard!",2023-12-07
765,765,405,5,40,4,en,"Five stars. Wallace, Ortiz and Murray nailed the Diavola again, still hot and packed carefully.",2023-07-13
766,766,59,44,43,1,en,Wrong items in the bag - we ordered Tagliatelle al Ragù and got something else entirely. Refund requested.,2023-03-11
767,767,100,22,44,5,en,"Five stars. Sanders, Smith and Smith nailed the Caesar Salad again, still hot and packed carefully.",2023-06-10
768,768,331,9,62,4,en,Really happy with this order - Diavola was fresh and the courier kept us updated the whole way.,2023-11-19
769,769,237,27,96,4,en,Really happy with this order - Grilled Vegetable Skewers was fresh and the courier kept us updated the whole way.,2024-07-04
770,770,372,44,41,4,en,"Best Quattro Formaggi in the area, hands down. Whitaker-Paul never disappoints.",2023-08-13
771,771,351,22,46,4,en,"Fast delivery and the Dish arrived perfectly hot. Great job Sanders, Smith and Smith! Delivery driver even called ahead, nice touch.",2024-11-28
772,772,174,25,81,5,en,Fast delivery and the Crème Brûlée arrived perfectly hot. Great job Hill-Mckay!,2024-07-15
773,773,305,8,97,3,en,"The order from Bell-Jimenez was fine, nothing special. Delivery was on time at least.",2024-02-13
774,774,17,18,53,4,en,Really happy with this order - Cobb Salad was fresh and the courier kept us updated the whole way.,2023-06-30
775,775,232,20,28,1,en,Wrong items in the bag - we ordered Chocolate Brownie and got something else entirely. Refund requested.,2022-11-28
776,776,402,3,100,2,en,Wrong items in the bag - we ordered Falafel Bowl and got something else entirely. Refund requested.,2024-09-29
777,777,13,31,65,5,en,"Five stars. Johnson, Roberts and Smith nailed the Dish again, still hot and packed carefully. Courier was polite and on time.",2022-07-28
778,778,448,34,40,5,en,"Five stars. Houston Inc nailed the Vegan Buddha Bowl again, still hot and packed carefully.",2022-06-09
779,779,347,9,27,4,en,Really happy with this order - Diavola was fresh and the courier kept us updated the whole way.,2023-05-20
780,780,3,20,6,2,en,Garza-Shea used to be reliable but the last few orders have been late and the Chocolate Brownie portion has shrunk.,2024-07-19
781,781,240,3,14,4,en,Really happy with this order - Fettuccine Alfredo was fresh and the courier kept us updated the whole way.,2024-04-20
782,782,296,49,40,2,en,"The Chocolate Brownie from Myers, Shelton and Garcia was soggy by the time it got to us. Not ordering from here again. Courier was rude when we asked about the delay.",2024-09-07
783,783,99,19,36,4,en,"Best Nicoise Salad in the area, hands down. Thomas-Williamson never disappoints.",2022-12-19
784,784,61,18,20,4,en,"The Penne Arrabbiata from Hensley, Johnson and Adams was excellent and the courier was friendly and quick. Will order again! Courier was polite and on time.",2022-10-28
785,785,287,33,14,5,en,Really happy with this order - Double Beef Burger was fresh and the courier kept us updated the whole way.,2023-08-18
786,786,139,10,91,2,en,Wrong items in the bag - we ordered Fettuccine Alfredo and got something else entirely. Refund requested.,2023-09-22
787,787,160,40,44,4,en,"Fast delivery and the Falafel Bowl arrived perfectly hot. Great job Hawkins PLC! Delivery driver even called ahead, nice touch.",2023-05-05
788,788,242,44,7,1,en,Wrong items in the bag - we ordered Tiramisu and got something else entirely. Refund requested. Courier was rude when we asked about the delay.,2023-02-26
789,789,201,12,91,1,en,"Cruz, Jackson and Kane used to be reliable but the last few orders have been late and the Dish portion has shrunk.",2024-09-04
790,790,183,20,43,1,en,"The Lentil Soup from Garza-Shea was soggy by the time it got to us. Not ordering from here again. Had to track down the courier ourselves, no updates on the app.",2024-02-21
791,791,499,49,98,4,en,"Five stars. Myers, Shelton and Garcia nailed the Chocolate Brownie again, still hot and packed carefully.",2023-09-17
792,792,240,7,59,2,en,"Disappointed with Castaneda, Day and Weaver - the Panna Cotta arrived cold and the order took much longer than promised. Had to track down the courier ourselves, no updates on the app.",2024-01-22
793,793,119,15,19,3,en,"Cooper and Sons got the order right this time, Apple Strudel was okay, packaging could be better.",2022-10-11
794,794,94,45,86,1,en,Tran Group used to be reliable but the last few orders have been late and the Cheesecake portion has shrunk.,2024-05-14
795,795,250,2,9,2,en,Order was late and the courier never called when they couldn't find our building. Tagliatelle al Ragù was barely warm.,2022-05-07
796,796,434,11,37,5,en,Fast delivery and the Tofu Stir-Fry arrived perfectly hot. Great job Dominguez-Short!,2023-10-25
797,797,53,26,92,5,en,"Fast delivery and the Fettuccine Alfredo arrived perfectly hot. Great job Lang PLC! Delivery driver even called ahead, nice touch.",2022-12-26
798,798,273,30,52,4,en,"Fast delivery and the Waldorf Salad arrived perfectly hot. Great job Rodriguez, James and Frank!",2023-03-31
799,799,82,31,50,2,en,"Disappointed with Johnson, Roberts and Smith - the Penne Arrabbiata arrived cold and the order took much longer than promised.",2023-01-09
800,800,291,22,70,2,en,"Sanders, Smith and Smith used to be reliable but the last few orders have been late and the Diavola portion has shrunk.",2022-09-18
801,801,477,46,74,1,en,Smith Group used to be reliable but the last few orders have been late and the Classic Cheeseburger portion has shrunk.,2022-05-08
802,802,285,7,57,4,en,Really happy with this order - Dish was fresh and the courier kept us updated the whole way.,2022-12-06
803,803,307,7,88,5,en,Really happy with this order - Tiramisu was fresh and the courier kept us updated the whole way.,2024-04-28
804,804,254,42,85,2,en,The Diavola from Olson-Estrada was soggy by the time it got to us. Not ordering from here again.,2022-04-11
805,805,463,49,82,3,en,Average experience. Greek Salad was decent but a bit pricey for the portion size.,2024-04-09
806,806,273,19,50,2,en,Disappointed with Thomas-Williamson - the Vegan Chili arrived cold and the order took much longer than promised.,2023-09-26
807,807,349,21,39,2,en,Duran PLC used to be reliable but the last few orders have been late and the Crème Brûlée portion has shrunk.,2024-05-23
808,808,368,23,12,2,en,Order was late and the courier never called when they couldn't find our building. Dish was barely warm.,2022-01-10
809,809,434,9,38,2,en,"The Diavola from Lowe, Ewing and Short was soggy by the time it got to us. Not ordering from here again.",2023-02-11
810,810,1,46,72,2,en,Order was late and the courier never called when they couldn't find our building. Cobb Salad was barely warm.,2022-05-03
811,811,121,28,90,1,en,Disappointed with Combs-Stone - the Crème Brûlée arrived cold and the order took much longer than promised.,2023-03-11
812,812,196,26,49,2,en,Lang PLC used to be reliable but the last few orders have been late and the Fettuccine Alfredo portion has shrunk.,2023-08-21
813,813,72,13,72,2,en,"The Diavola from Gallegos, Taylor and West was soggy by the time it got to us. Not ordering from here again.",2024-07-15
814,814,79,19,86,5,en,Fast delivery and the Grilled Vegetable Skewers arrived perfectly hot. Great job Thomas-Williamson!,2022-05-28
815,815,9,10,93,5,en,The Prosciutto e Funghi from Miles Group was excellent and the courier was friendly and quick. Will order again!,2023-12-26
816,816,71,42,54,2,en,Wrong items in the bag - we ordered Dish and got something else entirely. Refund requested.,2024-09-09
817,817,93,30,66,3,en,"The Dish from Rodriguez, James and Frank was fine, nothing special. Delivery was on time at least.",2023-08-31
818,818,182,15,24,3,en,"Cooper and Sons got the order right this time, Caesar Salad was okay, packaging could be better.",2023-10-25
819,819,122,46,65,4,en,Really happy with this order - Cobb Salad was fresh and the courier kept us updated the whole way.,2023-03-29
820,820,188,3,5,1,en,"The Ravioli Ricotta e Spinaci from Garcia, Pena and Adams was soggy by the time it got to us. Not ordering from here again. Courier was rude when we asked about the delay.",2023-06-16
821,821,298,31,89,4,en,Really happy with this order - Dish was fresh and the courier kept us updated the whole way.,2022-06-08
822,822,239,34,11,1,en,"Houston Inc used to be reliable but the last few orders have been late and the Vegan Buddha Bowl portion has shrunk. Had to track down the courier ourselves, no updates on the app.",2024-09-04
823,823,242,41,95,4,en,"Best Dish in the area, hands down. Peters, Golden and Ballard never disappoints.",2024-11-21
824,824,325,35,75,5,en,"Best Dish in the area, hands down. Ross Group never disappoints.",2023-11-05
825,825,399,1,61,3,en,"Williams, Campos and Cummings got the order right this time, Dish was okay, packaging could be better.",2023-07-17
826,826,376,22,54,2,en,Order was late and the courier never called when they couldn't find our building. Spaghetti Carbonara was barely warm.,2024-11-19
827,827,86,3,89,1,en,Wrong items in the bag - we ordered Ravioli Ricotta e Spinaci and got something else entirely. Refund requested.,2024-04-04
828,828,323,31,75,4,en,"The Napolitana from Johnson, Roberts and Smith was excellent and the courier was friendly and quick. Will order again!",2023-09-23
829,829,320,2,37,5,en,"Best Dish in the area, hands down. Jackson, Walters and Michael never disappoints. Courier was polite and on time.",2022-04-02
830,830,436,18,33,3,en,"The Cobb Salad from Hensley, Johnson and Adams was fine, nothing special. Delivery was on time at least.",2023-11-09
831,831,8,48,15,2,en,"Williams LLC used to be reliable but the last few orders have been late and the Spaghetti Carbonara portion has shrunk. Had to track down the courier ourselves, no updates on the app.",2022-07-11
832,832,229,24,23,2,en,Order was late and the courier never called when they couldn't find our building. Waldorf Salad was barely warm.,2024-05-07
833,833,93,34,5,3,en,"Houston Inc got the order right this time, Vegan Buddha Bowl was okay, packaging could be better.",2024-12-14
834,834,479,10,64,4,en,"Best Grilled Vegetable Skewers in the area, hands down. Miles Group never disappoints.",2024-04-25
835,835,226,47,82,5,en,"The Caesar Salad from Herman-Williams was excellent and the courier was friendly and quick. Will order again! Delivery driver even called ahead, nice touch.",2022-08-22
836,836,329,17,97,4,en,"Five stars. Rojas-Tanner nailed the Dish again, still hot and packed carefully. Courier was polite and on time.",2022-03-01
837,837,244,20,61,3,en,"The Lentil Soup from Garza-Shea was fine, nothing special. Delivery was on time at least.",2022-09-14
838,838,135,10,68,2,en,Miles Group used to be reliable but the last few orders have been late and the Dish portion has shrunk.,2022-01-16
839,839,348,21,68,5,en,The Quattro Formaggi from Duran PLC was excellent and the courier was friendly and quick. Will order again!,2024-11-15
840,840,327,23,56,3,en,Average experience. Bacon Burger was decent but a bit pricey for the portion size.,2024-10-04
841,841,139,18,13,1,en,Order was late and the courier never called when they couldn't find our building. Cobb Salad was barely warm.,2023-12-21
842,842,396,44,96,2,en,"Disappointed with Whitaker-Paul - the Mushroom Swiss Burger arrived cold and the order took much longer than promised. Had to track down the courier ourselves, no updates on the app.",2024-03-15
843,843,173,44,89,5,en,"Fast delivery and the Tiramisu arrived perfectly hot. Great job Whitaker-Paul! Delivery driver even called ahead, nice touch.",2022-12-13
844,844,5,5,2,3,en,"Delivery took about as long as the app estimated. Dish tasted fine, would order again if nothing closer is open.",2022-04-20
845,845,229,23,29,2,en,Order was late and the courier never called when they couldn't find our building. Bacon Burger was barely warm.,2022-10-04
846,846,318,6,8,4,en,"Really happy with this order - Tiramisu was fresh and the courier kept us updated the whole way. Delivery driver even called ahead, nice touch.",2023-12-21
847,847,327,8,91,1,en,Wrong items in the bag - we ordered order and got something else entirely. Refund requested.,2022-04-08
848,848,337,49,83,1,en,"The Ravioli Ricotta e Spinaci from Myers, Shelton and Garcia was soggy by the time it got to us. Not ordering from here again.",2024-05-31
849,849,357,12,33,4,en,"Best Dish in the area, hands down. Cruz, Jackson and Kane never disappoints.",2023-05-29
850,850,233,18,99,3,en,"Delivery took about as long as the app estimated. Penne Arrabbiata tasted fine, would order again if nothing closer is open.",2024-02-01
851,851,83,50,10,3,en,"The Dish from Kelly, Harris and Pruitt was fine, nothing special. Delivery was on time at least.",2024-05-04
852,852,171,4,34,5,en,"Best Diavola in the area, hands down. Howell Group never disappoints.",2022-07-16
853,853,476,13,79,5,en,"Best Dish in the area, hands down. Gallegos, Taylor and West never disappoints.",2022-07-16
854,854,74,35,99,3,en,"The Lentil Soup from Ross Group was fine, nothing special. Delivery was on time at least.",2022-08-31
855,855,367,17,14,3,en,"Rojas-Tanner got the order right this time, Classic Cheeseburger was okay, packaging could be better.",2022-03-21
856,856,10,32,20,5,en,Really happy with this order - Lasagna was fresh and the courier kept us updated the whole way.,2023-12-06
857,857,200,18,20,4,en,Really happy with this order - Cobb Salad was fresh and the courier kept us updated the whole way. Courier was polite and on time.,2022-12-31
858,858,2,33,91,3,en,"The Prosciutto e Funghi from Murphy and Sons was fine, nothing special. Delivery was on time at least.",2023-06-11
859,859,400,5,70,2,en,"Wallace, Ortiz and Murray used to be reliable but the last few orders have been late and the Dish portion has shrunk.",2022-01-07
860,860,291,35,46,1,en,Order was late and the courier never called when they couldn't find our building. Lentil Soup was barely warm.,2024-01-19
861,861,324,42,12,1,en,Disappointed with Olson-Estrada - the Dish arrived cold and the order took much longer than promised.,2023-08-12
862,862,431,30,98,5,en,Really happy with this order - Tagliatelle al Ragù was fresh and the courier kept us updated the whole way.,2023-12-14
863,863,21,25,85,5,en,"Fast delivery and the Caprese Salad arrived perfectly hot. Great job Hill-Mckay! Delivery driver even called ahead, nice touch.",2022-11-24
864,864,323,45,46,1,en,Disappointed with Tran Group - the Waldorf Salad arrived cold and the order took much longer than promised.,2022-04-07
865,865,98,9,5,3,en,"Delivery took about as long as the app estimated. Cheesecake tasted fine, would order again if nothing closer is open.",2022-01-28
866,866,200,5,70,2,en,"The Dish from Wallace, Ortiz and Murray was soggy by the time it got to us. Not ordering from here again.",2022-12-04
867,867,495,2,5,3,en,Average experience. Tagliatelle al Ragù was decent but a bit pricey for the portion size.,2022-03-06
868,868,61,14,84,3,en,"Jensen-Watkins got the order right this time, order was okay, packaging could be better.",2023-07-31
869,869,380,38,30,3,en,"Delivery took about as long as the app estimated. Dish tasted fine, would order again if nothing closer is open.",2022-02-11
870,870,335,2,61,2,en,"Order was late and the courier never called when they couldn't find our building. Tagliatelle al Ragù was barely warm. Had to track down the courier ourselves, no updates on the app.",2022-02-23
871,871,89,41,7,5,en,"Five stars. Peters, Golden and Ballard nailed the Lasagna again, still hot and packed carefully.",2024-06-21
872,872,313,11,76,1,en,Order was late and the courier never called when they couldn't find our building. Tofu Stir-Fry was barely warm. Courier was rude when we asked about the delay.,2024-06-15
873,873,255,39,79,3,en,"The Veggie Burger from Meyer-Carrillo was fine, nothing special. Delivery was on time at least.",2022-03-13
874,874,173,48,87,2,en,The Dish from Williams LLC was soggy by the time it got to us. Not ordering from here again.,2022-12-25
875,875,165,14,98,4,en,"Best order in the area, hands down. Jensen-Watkins never disappoints.",2023-10-16
876,876,62,18,19,4,en,"Fast delivery and the Penne Arrabbiata arrived perfectly hot. Great job Hensley, Johnson and Adams!",2022-07-05
877,877,85,29,32,3,en,Average experience. Dish was decent but a bit pricey for the portion size.,2022-02-15
878,878,314,25,100,2,en,Order was late and the courier never called when they couldn't find our building. Greek Salad was barely warm.,2022-01-19
879,879,4,1,23,3,en,Average experience. Penne Arrabbiata was decent but a bit pricey for the portion size.,2024-02-15
880,880,356,50,61,3,en,"The Dish from Kelly, Harris and Pruitt was fine, nothing special. Delivery was on time at least.",2022-05-20
881,881,139,34,58,1,en,Wrong items in the bag - we ordered Vegan Buddha Bowl and got something else entirely. Refund requested.,2022-09-21
882,882,355,3,77,4,en,"The Ravioli Ricotta e Spinaci from Garcia, Pena and Adams was excellent and the courier was friendly and quick. Will order again!",2024-02-29
883,883,424,20,45,5,en,Really happy with this order - Chocolate Brownie was fresh and the courier kept us updated the whole way.,2022-01-07
884,884,61,34,13,4,en,Really happy with this order - Prosciutto e Funghi was fresh and the courier kept us updated the whole way.,2023-02-04
885,885,113,30,99,5,en,"Best Dish in the area, hands down. Rodriguez, James and Frank never disappoints. Delivery driver even called ahead, nice touch.",2023-12-24
886,886,100,8,20,5,en,Really happy with this order - order was fresh and the courier kept us updated the whole way.,2024-07-14
887,887,91,11,86,4,en,"Really happy with this order - Veggie Burger was fresh and the courier kept us updated the whole way. Delivery driver even called ahead, nice touch.",2022-03-01
888,888,108,28,33,5,en,Really happy with this order - Crème Brûlée was fresh and the courier kept us updated the whole way.,2023-11-10
889,889,54,48,7,4,en,Really happy with this order - Dish was fresh and the courier kept us updated the whole way.,2022-07-12
890,890,264,8,10,1,en,The order from Bell-Jimenez was soggy by the time it got to us. Not ordering from here again.,2024-03-03
891,891,102,48,87,2,en,Williams LLC used to be reliable but the last few orders have been late and the Spaghetti Carbonara portion has shrunk. Courier was rude when we asked about the delay.,2022-09-11
892,892,117,7,31,1,en,"Disappointed with Castaneda, Day and Weaver - the Double Beef Burger arrived cold and the order took much longer than promised.",2024-08-13
893,893,38,31,75,2,en,Order was late and the courier never called when they couldn't find our building. Penne Arrabbiata was barely warm.,2022-03-01
894,894,111,40,59,5,en,Fast delivery and the Chocolate Brownie arrived perfectly hot. Great job Hawkins PLC!,2023-03-04
895,895,369,13,81,2,en,Order was late and the courier never called when they couldn't find our building. Chocolate Brownie was barely warm.,2024-12-07
896,896,66,3,89,2,en,"The Fettuccine Alfredo from Garcia, Pena and Adams was soggy by the time it got to us. Not ordering from here again. Had to track down the courier ourselves, no updates on the app.",2022-03-09
897,897,437,30,59,1,en,Wrong items in the bag - we ordered Tagliatelle al Ragù and got something else entirely. Refund requested.,2022-07-07
898,898,454,19,78,2,en,Order was late and the courier never called when they couldn't find our building. Grilled Vegetable Skewers was barely warm.,2024-05-15
899,899,497,36,30,1,en,Wrong items in the bag - we ordered Falafel Bowl and got something else entirely. Refund requested. Courier was rude when we asked about the delay.,2023-03-30
900,900,442,14,76,4,en,"Best order in the area, hands down. Jensen-Watkins never disappoints. Delivery driver even called ahead, nice touch.",2024-07-08
901,901,374,28,95,1,en,Disappointed with Combs-Stone - the Pepperoni arrived cold and the order took much longer than promised.,2022-09-30
902,902,114,38,20,1,en,The Dish from Nelson LLC was soggy by the time it got to us. Not ordering from here again.,2024-09-13
903,903,21,31,94,5,en,"Best Napolitana in the area, hands down. Johnson, Roberts and Smith never disappoints.",2022-02-07
904,904,246,45,13,3,en,Average experience. Cheesecake was decent but a bit pricey for the portion size.,2023-06-27
905,905,386,1,89,5,en,"Five stars. Williams, Campos and Cummings nailed the Penne Arrabbiata again, still hot and packed carefully.",2024-11-08
906,906,152,16,83,4,en,"Fast delivery and the Classic Cheeseburger arrived perfectly hot. Great job Nelson, Graham and Fields!",2022-01-19
907,907,361,30,74,4,en,"Fast delivery and the Dish arrived perfectly hot. Great job Rodriguez, James and Frank!",2022-01-28
908,908,396,9,91,2,en,"Lowe, Ewing and Short used to be reliable but the last few orders have been late and the Diavola portion has shrunk.",2022-07-24
909,909,238,46,82,5,en,"Best Cobb Salad in the area, hands down. Smith Group never disappoints.",2024-07-31
910,910,458,45,43,5,en,The BBQ Burger from Tran Group was excellent and the courier was friendly and quick. Will order again!,2022-02-08
911,911,358,40,70,2,en,Wrong items in the bag - we ordered Ravioli Ricotta e Spinaci and got something else entirely. Refund requested.,2024-05-21
912,912,451,22,95,5,en,"Fast delivery and the Diavola arrived perfectly hot. Great job Sanders, Smith and Smith!",2023-07-20
913,913,57,25,47,4,en,"Five stars. Hill-Mckay nailed the Greek Salad again, still hot and packed carefully. Delivery driver even called ahead, nice touch.",2023-11-13
914,914,90,42,72,5,en,Really happy with this order - Dish was fresh and the courier kept us updated the whole way.,2022-03-15
915,915,172,16,70,5,en,Really happy with this order - Lasagna was fresh and the courier kept us updated the whole way.,2023-12-16
916,916,390,15,42,4,en,"Best Caesar Salad in the area, hands down. Cooper and Sons never disappoints.",2024-09-13
917,917,217,18,7,2,en,Order was late and the courier never called when they couldn't find our building. Cobb Salad was barely warm.,2023-02-16
918,918,257,34,16,5,en,The Prosciutto e Funghi from Houston Inc was excellent and the courier was friendly and quick. Will order again!,2024-02-19
919,919,232,40,48,4,en,"Best Falafel Bowl in the area, hands down. Hawkins PLC never disappoints.",2024-11-03
920,920,457,30,12,2,en,"Rodriguez, James and Frank used to be reliable but the last few orders have been late and the Dish portion has shrunk. Courier was rude when we asked about the delay.",2023-03-05
921,921,491,5,14,1,en,Wrong items in the bag - we ordered Dish and got something else entirely. Refund requested. Courier was rude when we asked about the delay.,2022-11-02
922,922,78,14,67,3,en,"Jensen-Watkins got the order right this time, order was okay, packaging could be better.",2022-01-26
923,923,278,9,61,2,en,Order was late and the courier never called when they couldn't find our building. Cheesecake was barely warm. Courier was rude when we asked about the delay.,2023-04-06
924,924,97,5,3,3,en,Average experience. Dish was decent but a bit pricey for the portion size.,2024-07-04
925,925,172,27,75,5,en,"Five stars. Rodriguez-Murray nailed the Grilled Vegetable Skewers again, still hot and packed carefully.",2023-12-21
926,926,304,43,90,3,en,Average experience. Ravioli Ricotta e Spinaci was decent but a bit pricey for the portion size.,2024-07-11
927,927,156,37,17,4,en,"Best Dish in the area, hands down. Guzman, Brown and Larsen never disappoints. Courier was polite and on time.",2022-07-11
928,928,248,24,37,2,en,Wrong items in the bag - we ordered Diavola and got something else entirely. Refund requested.,2022-06-14
929,929,490,11,80,5,en,The Dish from Dominguez-Short was excellent and the courier was friendly and quick. Will order again!,2024-02-22
930,930,499,12,91,1,en,Wrong items in the bag - we ordered Ravioli Ricotta e Spinaci and got something else entirely. Refund requested.,2024-09-18
931,931,122,8,6,4,en,"Best order in the area, hands down. Bell-Jimenez never disappoints.",2023-09-24
932,932,190,12,27,5,en,"Fast delivery and the Ravioli Ricotta e Spinaci arrived perfectly hot. Great job Cruz, Jackson and Kane! Courier was polite and on time.",2024-02-18
933,933,76,24,58,4,en,"Fast delivery and the Waldorf Salad arrived perfectly hot. Great job Bell, Williamson and Duncan! Delivery driver even called ahead, nice touch.",2024-12-06
934,934,63,2,52,3,en,"Delivery took about as long as the app estimated. Tagliatelle al Ragù tasted fine, would order again if nothing closer is open.",2024-04-24
935,935,80,1,95,3,en,"The Dish from Williams, Campos and Cummings was fine, nothing special. Delivery was on time at least.",2024-12-05
936,936,362,19,61,1,en,Thomas-Williamson used to be reliable but the last few orders have been late and the Vegan Chili portion has shrunk.,2024-12-01
937,937,374,29,44,4,en,"Fast delivery and the Mushroom Swiss Burger arrived perfectly hot. Great job Cooper, Ross and Perkins! Courier was polite and on time.",2022-05-04
938,938,72,44,71,1,en,"Order was late and the courier never called when they couldn't find our building. Tiramisu was barely warm. Had to track down the courier ourselves, no updates on the app.",2022-12-07
939,939,431,15,58,2,en,Disappointed with Cooper and Sons - the Caesar Salad arrived cold and the order took much longer than promised.,2022-04-15
940,940,329,13,75,2,en,Wrong items in the bag - we ordered Dish and got something else entirely. Refund requested.,2022-09-01
941,941,12,6,69,2,en,"The Caprese Salad from Neal, Gomez and Watkins was soggy by the time it got to us. Not ordering from here again. Had to track down the courier ourselves, no updates on the app.",2024-01-13
942,942,202,13,63,5,en,Really happy with this order - Chocolate Brownie was fresh and the courier kept us updated the whole way.,2023-10-26
943,943,466,43,47,5,en,"Best Ravioli Ricotta e Spinaci in the area, hands down. Arnold, Montgomery and Doyle never disappoints.",2022-06-12
944,944,198,24,2,5,en,Really happy with this order - Diavola was fresh and the courier kept us updated the whole way.,2023-01-16
945,945,448,36,12,1,en,Wrong items in the bag - we ordered Falafel Bowl and got something else entirely. Refund requested.,2024-03-10
946,946,213,29,37,4,en,"The Ravioli Ricotta e Spinaci from Cooper, Ross and Perkins was excellent and the courier was friendly and quick. Will order again!",2024-06-05
947,947,459,27,18,1,en,Order was late and the courier never called when they couldn't find our building. Caprese Salad was barely warm.,2023-10-18
948,948,156,31,68,1,en,"Wrong items in the bag - we ordered Dish and got something else entirely. Refund requested. Had to track down the courier ourselves, no updates on the app.",2022-03-15
949,949,4,27,82,3,en,"The Caprese Salad from Rodriguez-Murray was fine, nothing special. Delivery was on time at least.",2023-04-01
950,950,291,49,18,1,en,"Myers, Shelton and Garcia used to be reliable but the last few orders have been late and the Cheesecake portion has shrunk. Had to track down the courier ourselves, no updates on the app.",2022-07-23
951,951,284,32,6,1,en,Order was late and the courier never called when they couldn't find our building. Dish was barely warm.,2024-07-06
952,952,287,48,60,2,en,Disappointed with Williams LLC - the Dish arrived cold and the order took much longer than promised.,2022-02-01
953,953,135,20,82,5,en,"Fast delivery and the Lentil Soup arrived perfectly hot. Great job Garza-Shea! Delivery driver even called ahead, nice touch.",2023-06-03
954,954,92,32,89,4,en,"The Dish from Jackson, Bowman and Drake was excellent and the courier was friendly and quick. Will order again!",2022-09-26
955,955,253,5,77,3,en,Average experience. Greek Salad was decent but a bit pricey for the portion size.,2023-10-02
956,956,322,44,61,3,en,"Delivery took about as long as the app estimated. Ravioli Ricotta e Spinaci tasted fine, would order again if nothing closer is open.",2024-06-15
957,957,376,37,3,1,en,"The Dish from Guzman, Brown and Larsen was soggy by the time it got to us. Not ordering from here again. Courier was rude when we asked about the delay.",2022-06-30
958,958,164,30,89,2,en,Wrong items in the bag - we ordered Tagliatelle al Ragù and got something else entirely. Refund requested.,2023-01-27
959,959,185,27,82,1,en,Disappointed with Rodriguez-Murray - the Grilled Vegetable Skewers arrived cold and the order took much longer than promised.,2022-02-24
960,960,328,5,66,2,en,"The Dish from Wallace, Ortiz and Murray was soggy by the time it got to us. Not ordering from here again.",2024-04-23
961,961,307,49,22,2,en,"Disappointed with Myers, Shelton and Garcia - the Greek Salad arrived cold and the order took much longer than promised.",2022-12-21
962,962,410,20,35,1,en,The Dish from Garza-Shea was soggy by the time it got to us. Not ordering from here again.,2024-02-06
963,963,274,38,46,1,en,Disappointed with Nelson LLC - the Mushroom Swiss Burger arrived cold and the order took much longer than promised. Courier was rude when we asked about the delay.,2022-01-18
964,964,191,50,63,4,en,"Best Caesar Salad in the area, hands down. Kelly, Harris and Pruitt never disappoints.",2023-01-12
965,965,112,10,65,3,en,"The Dish from Miles Group was fine, nothing special. Delivery was on time at least.",2024-07-01
966,966,365,36,90,3,en,"Delivery took about as long as the app estimated. Falafel Bowl tasted fine, would order again if nothing closer is open.",2023-04-04
967,967,420,9,3,3,en,"Delivery took about as long as the app estimated. Diavola tasted fine, would order again if nothing closer is open.",2023-01-17
968,968,419,29,77,3,en,"The Mushroom Swiss Burger from Cooper, Ross and Perkins was fine, nothing special. Delivery was on time at least.",2024-04-17
969,969,364,20,4,1,en,Garza-Shea used to be reliable but the last few orders have been late and the Lentil Soup portion has shrunk.,2022-09-04
970,970,117,20,17,4,en,"The Chocolate Brownie from Garza-Shea was excellent and the courier was friendly and quick. Will order again! Delivery driver even called ahead, nice touch.",2022-05-26
971,971,354,49,15,3,en,Average experience. Ravioli Ricotta e Spinaci was decent but a bit pricey for the portion size.,2022-01-22
972,972,22,13,14,5,en,"Five stars. Gallegos, Taylor and West nailed the Chocolate Brownie again, still hot and packed carefully.",2024-05-22
973,973,31,31,16,4,en,"Best Penne Arrabbiata in the area, hands down. Johnson, Roberts and Smith never disappoints.",2022-02-17
974,974,6,49,13,5,en,"The Chocolate Brownie from Myers, Shelton and Garcia was excellent and the courier was friendly and quick. Will order again! Courier was polite and on time.",2024-10-07
975,975,462,13,24,2,en,"Gallegos, Taylor and West used to be reliable but the last few orders have been late and the Chocolate Brownie portion has shrunk. Courier was rude when we asked about the delay.",2023-01-23
976,976,434,48,36,1,en,The Dish from Williams LLC was soggy by the time it got to us. Not ordering from here again. Courier was rude when we asked about the delay.,2023-01-20
977,977,400,47,79,1,en,The Caesar Salad from Herman-Williams was soggy by the time it got to us. Not ordering from here again. Courier was rude when we asked about the delay.,2023-07-08
978,978,420,38,98,3,en,"Nelson LLC got the order right this time, Cobb Salad was okay, packaging could be better.",2023-08-05
979,979,88,49,69,4,en,"Fast delivery and the Chocolate Brownie arrived perfectly hot. Great job Myers, Shelton and Garcia! Delivery driver even called ahead, nice touch.",2024-12-03
980,980,472,33,91,4,en,"Five stars. Murphy and Sons nailed the Double Beef Burger again, still hot and packed carefully.",2023-02-07
981,981,345,7,24,2,en,"Disappointed with Castaneda, Day and Weaver - the Tiramisu arrived cold and the order took much longer than promised.",2024-12-11
982,982,264,15,53,4,en,The Bacon Burger from Cooper and Sons was excellent and the courier was friendly and quick. Will order again!,2024-04-16
983,983,239,8,67,3,en,"Delivery took about as long as the app estimated. order tasted fine, would order again if nothing closer is open.",2023-06-29
984,984,148,36,93,1,en,The Falafel Bowl from Sanders LLC was soggy by the time it got to us. Not ordering from here again.,2022-04-03
985,985,198,19,59,1,en,"Disappointed with Thomas-Williamson - the Lentil Soup arrived cold and the order took much longer than promised. Had to track down the courier ourselves, no updates on the app.",2024-03-18
986,986,284,27,38,3,en,Average experience. Grilled Vegetable Skewers was decent but a bit pricey for the portion size.,2022-07-26
987,987,481,44,48,2,en,Whitaker-Paul used to be reliable but the last few orders have been late and the Mushroom Swiss Burger portion has shrunk.,2022-01-18
988,988,54,26,57,4,en,The Dish from Lang PLC was excellent and the courier was friendly and quick. Will order again!,2023-12-26
989,989,74,26,52,5,en,Fast delivery and the Dish arrived perfectly hot. Great job Lang PLC!,2023-10-13
990,990,474,11,9,4,en,The Veggie Burger from Dominguez-Short was excellent and the courier was friendly and quick. Will order again!,2024-12-06
991,991,305,26,16,3,en,"Lang PLC got the order right this time, Dish was okay, packaging could be better.",2024-07-08
992,992,392,46,99,3,en,"The Cobb Salad from Smith Group was fine, nothing special. Delivery was on time at least.",2023-10-15
993,993,244,43,78,2,en,"Disappointed with Arnold, Montgomery and Doyle - the Dish arrived cold and the order took much longer than promised.",2024-12-21
994,994,76,50,59,1,en,"The Caesar Salad from Kelly, Harris and Pruitt was soggy by the time it got to us. Not ordering from here again.",2022-05-15
995,995,119,41,18,2,en,"Peters, Golden and Ballard used to be reliable but the last few orders have been late and the Spaghetti Carbonara portion has shrunk. Courier was rude when we asked about the delay.",2022-04-21
996,996,256,44,4,4,en,Fast delivery and the Tiramisu arrived perfectly hot. Great job Whitaker-Paul!,2023-02-27
997,997,156,40,80,1,en,Hawkins PLC used to be reliable but the last few orders have been late and the Cheesecake portion has shrunk.,2024-04-16
998,998,406,30,26,4,en,"Five stars. Rodriguez, James and Frank nailed the Dish again, still hot and packed carefully.",2023-12-28
999,999,134,35,44,5,en,"Best Dish in the area, hands down. Ross Group never disappoints.",2023-08-24
1000,1000,451,8,50,3,en,Average experience. order was decent but a bit pricey for the portion size.,2022-12-11
1001,1001,236,3,5,3,en,"The Pepperoni from Garcia, Pena and Adams was fine, nothing special. Delivery was on time at least.",2023-09-03
1002,1002,85,32,56,5,en,"Really happy with this order - Dish was fresh and the courier kept us updated the whole way. Delivery driver even called ahead, nice touch.",2022-12-12
1003,1003,392,8,73,2,en,Disappointed with Bell-Jimenez - the order arrived cold and the order took much longer than promised.,2023-06-23
1004,1004,277,37,61,2,en,"Guzman, Brown and Larsen used to be reliable but the last few orders have been late and the Dish portion has shrunk.",2023-09-12
1005,1005,29,26,34,1,en,The Dish from Lang PLC was soggy by the time it got to us. Not ordering from here again.,2023-10-11
1006,1006,347,23,99,5,en,"Five stars. Ellis, Parks and Jimenez nailed the Dish again, still hot and packed carefully.",2022-12-20
1007,1007,24,9,47,3,en,"Delivery took about as long as the app estimated. Diavola tasted fine, would order again if nothing closer is open.",2024-06-06
1008,1008,175,25,13,5,en,Fast delivery and the Tagliatelle al Ragù arrived perfectly hot. Great job Hill-Mckay!,2023-01-17
1009,1009,180,4,85,4,en,"Best Diavola in the area, hands down. Howell Group never disappoints.",2022-09-29
1010,1010,44,45,9,2,en,Wrong items in the bag - we ordered BBQ Burger and got something else entirely. Refund requested.,2022-05-08
1011,1011,276,21,5,2,en,Order was late and the courier never called when they couldn't find our building. Dish was barely warm.,2023-12-24
1012,1012,264,27,35,5,en,"Five stars. Rodriguez-Murray nailed the Caprese Salad again, still hot and packed carefully.",2024-02-04
1013,1013,194,37,50,2,en,"Guzman, Brown and Larsen used to be reliable but the last few orders have been late and the Dish portion has shrunk.",2023-09-22
1014,1014,354,44,27,4,en,"Five stars. Whitaker-Paul nailed the Ravioli Ricotta e Spinaci again, still hot and packed carefully.",2023-07-02
1015,1015,315,20,47,5,en,"Five stars. Garza-Shea nailed the BBQ Burger again, still hot and packed carefully.",2022-08-11
1016,1016,110,19,34,1,en,Thomas-Williamson used to be reliable but the last few orders have been late and the Grilled Vegetable Skewers portion has shrunk.,2022-11-23
1017,1017,320,48,12,4,en,"Best Tagliatelle al Ragù in the area, hands down. Williams LLC never disappoints. Courier was polite and on time.",2024-07-17
1018,1018,173,18,9,1,en,"The Cobb Salad from Hensley, Johnson and Adams was soggy by the time it got to us. Not ordering from here again.",2024-05-30
1019,1019,108,23,10,1,en,Wrong items in the bag - we ordered Bacon Burger and got something else entirely. Refund requested. Courier was rude when we asked about the delay.,2024-06-23
1020,1020,222,43,70,3,en,"Delivery took about as long as the app estimated. Ravioli Ricotta e Spinaci tasted fine, would order again if nothing closer is open.",2022-08-11
1021,1021,320,33,59,3,en,"Delivery took about as long as the app estimated. Double Beef Burger tasted fine, would order again if nothing closer is open.",2024-04-18
1022,1022,322,46,67,4,en,Really happy with this order - Classic Cheeseburger was fresh and the courier kept us updated the whole way.,2023-09-25
1023,1023,493,48,60,5,en,"Fast delivery and the Tagliatelle al Ragù arrived perfectly hot. Great job Williams LLC! Delivery driver even called ahead, nice touch.",2024-10-25
1024,1024,437,50,56,2,en,"Disappointed with Kelly, Harris and Pruitt - the Dish arrived cold and the order took much longer than promised. Had to track down the courier ourselves, no updates on the app.",2024-03-07
1025,1025,103,24,60,2,en,Wrong items in the bag - we ordered Waldorf Salad and got something else entirely. Refund requested. Courier was rude when we asked about the delay.,2022-09-21
1026,1026,211,21,9,2,en,Wrong items in the bag - we ordered Quattro Formaggi and got something else entirely. Refund requested.,2022-08-13
1027,1027,422,19,83,4,en,"Best Grilled Vegetable Skewers in the area, hands down. Thomas-Williamson never disappoints.",2022-10-09
1028,1028,123,8,20,4,en,"Best order in the area, hands down. Bell-Jimenez never disappoints. Courier was polite and on time.",2022-02-01
1029,1029,249,36,56,1,en,Wrong items in the bag - we ordered Falafel Bowl and got something else entirely. Refund requested.,2023-12-13
1030,1030,82,18,18,3,en,"Delivery took about as long as the app estimated. Penne Arrabbiata tasted fine, would order again if nothing closer is open.",2022-10-14
1031,1031,282,12,83,5,en,"Really happy with this order - Dish was fresh and the courier kept us updated the whole way. Delivery driver even called ahead, nice touch.",2024-11-23
1032,1032,29,6,41,3,en,Average experience. Tiramisu was decent but a bit pricey for the portion size.,2022-11-26
1033,1033,460,24,86,5,en,"Best Diavola in the area, hands down. Bell, Williamson and Duncan never disappoints.",2024-08-28
1034,1034,432,9,31,1,en,Order was late and the courier never called when they couldn't find our building. Diavola was barely warm. Courier was rude when we asked about the delay.,2023-09-19
1035,1035,268,43,75,5,en,"Best Penne Arrabbiata in the area, hands down. Arnold, Montgomery and Doyle never disappoints. Courier was polite and on time.",2022-10-05
1036,1036,308,8,99,4,en,The order from Bell-Jimenez was excellent and the courier was friendly and quick. Will order again! Courier was polite and on time.,2022-12-29
1037,1037,381,16,55,1,en,"The Dish from Nelson, Graham and Fields was soggy by the time it got to us. Not ordering from here again.",2022-06-10
1038,1038,497,18,57,1,en,"The Cobb Salad from Hensley, Johnson and Adams was soggy by the time it got to us. Not ordering from here again.",2022-10-06
1039,1039,274,24,90,3,en,"Bell, Williamson and Duncan got the order right this time, Diavola was okay, packaging could be better.",2022-12-14
1040,1040,350,16,36,1,en,Wrong items in the bag - we ordered Bacon Burger and got something else entirely. Refund requested.,2023-02-03
1041,1041,11,42,78,1,en,Disappointed with Olson-Estrada - the Dish arrived cold and the order took much longer than promised.,2024-07-14
1042,1042,470,43,31,5,en,"The Ravioli Ricotta e Spinaci from Arnold, Montgomery and Doyle was excellent and the courier was friendly and quick. Will order again!",2023-08-31
1043,1043,491,45,47,4,en,"Five stars. Tran Group nailed the Crème Brûlée again, still hot and packed carefully.",2022-05-16
1044,1044,199,1,51,4,en,"Fast delivery and the Penne Arrabbiata arrived perfectly hot. Great job Williams, Campos and Cummings!",2022-11-27
1045,1045,108,11,57,5,en,Fast delivery and the Veggie Burger arrived perfectly hot. Great job Dominguez-Short!,2022-12-14
1046,1046,141,6,100,4,en,"Fast delivery and the Caprese Salad arrived perfectly hot. Great job Neal, Gomez and Watkins!",2023-06-02
1047,1047,368,28,13,2,en,Combs-Stone used to be reliable but the last few orders have been late and the Tagliatelle al Ragù portion has shrunk. Courier was rude when we asked about the delay.,2024-02-08
1048,1048,181,27,78,1,en,Wrong items in the bag - we ordered Caprese Salad and got something else entirely. Refund requested.,2024-03-21
1049,1049,15,49,7,5,en,Really happy with this order - Cheesecake was fresh and the courier kept us updated the whole way.,2023-12-06
1050,1050,70,1,52,2,en,"The Penne Arrabbiata from Williams, Campos and Cummings was soggy by the time it got to us. Not ordering from here again. Had to track down the courier ourselves, no updates on the app.",2023-11-20
1051,1051,43,8,21,3,en,"Delivery took about as long as the app estimated. order tasted fine, would order again if nothing closer is open.",2023-07-21
1052,1052,352,27,41,1,en,Order was late and the courier never called when they couldn't find our building. Grilled Vegetable Skewers was barely warm.,2023-06-09
1053,1053,89,44,76,5,en,"Fast delivery and the Tagliatelle al Ragù arrived perfectly hot. Great job Whitaker-Paul! Delivery driver even called ahead, nice touch.",2024-05-28
1054,1054,213,24,24,2,en,"Order was late and the courier never called when they couldn't find our building. Diavola was barely warm. Had to track down the courier ourselves, no updates on the app.",2024-08-20
1055,1055,486,2,72,1,en,Wrong items in the bag - we ordered Dish and got something else entirely. Refund requested.,2023-11-02
1056,1056,499,30,26,1,en,Wrong items in the bag - we ordered Dish and got something else entirely. Refund requested.,2024-02-11
1057,1057,206,40,55,5,en,"Best Chocolate Brownie in the area, hands down. Hawkins PLC never disappoints. Delivery driver even called ahead, nice touch.",2022-10-16
1058,1058,88,37,16,2,en,"Guzman, Brown and Larsen used to be reliable but the last few orders have been late and the Dish portion has shrunk.",2024-02-28
1059,1059,424,44,64,5,en,"Best Quattro Formaggi in the area, hands down. Whitaker-Paul never disappoints.",2022-09-06
1060,1060,485,18,37,3,en,"Delivery took about as long as the app estimated. Cobb Salad tasted fine, would order again if nothing closer is open.",2023-02-23
1061,1061,308,14,37,2,en,Disappointed with Jensen-Watkins - the order arrived cold and the order took much longer than promised.,2022-07-29
1062,1062,406,10,4,2,en,The Fettuccine Alfredo from Miles Group was soggy by the time it got to us. Not ordering from here again.,2024-12-06
1063,1063,231,16,48,2,en,"The Quattro Formaggi from Nelson, Graham and Fields was soggy by the time it got to us. Not ordering from here again.",2024-01-23
1064,1064,6,31,18,2,en,"Disappointed with Johnson, Roberts and Smith - the Dish arrived cold and the order took much longer than promised.",2024-12-05
1065,1065,109,46,50,5,en,"Best Pepperoni in the area, hands down. Smith Group never disappoints.",2023-04-12
1066,1066,49,36,8,4,en,"Five stars. Sanders LLC nailed the Falafel Bowl again, still hot and packed carefully.",2023-01-01
1067,1067,466,23,78,1,en,Order was late and the courier never called when they couldn't find our building. Bacon Burger was barely warm.,2024-11-29
1068,1068,130,33,80,3,en,"Murphy and Sons got the order right this time, Double Beef Burger was okay, packaging could be better.",2022-12-01
1069,1069,190,9,72,5,en,"Fast delivery and the Diavola arrived perfectly hot. Great job Lowe, Ewing and Short!",2023-09-30
1070,1070,258,32,44,2,en,"Disappointed with Jackson, Bowman and Drake - the Classic Cheeseburger arrived cold and the order took much longer than promised.",2022-05-28
1071,1071,272,28,19,4,en,Really happy with this order - Crème Brûlée was fresh and the courier kept us updated the whole way.,2022-05-12
1072,1072,256,18,96,5,en,"Best Penne Arrabbiata in the area, hands down. Hensley, Johnson and Adams never disappoints.",2024-10-15
1073,1073,314,49,34,3,en,"Myers, Shelton and Garcia got the order right this time, Cheesecake was okay, packaging could be better.",2022-12-10
1074,1074,378,32,98,5,en,"The Lasagna from Jackson, Bowman and Drake was excellent and the courier was friendly and quick. Will order again!",2023-09-03
1075,1075,97,10,7,2,en,Wrong items in the bag - we ordered Dish and got something else entirely. Refund requested.,2022-07-21
1076,1076,84,46,60,5,en,"The Classic Cheeseburger from Smith Group was excellent and the courier was friendly and quick. Will order again! Delivery driver even called ahead, nice touch.",2022-05-11
1077,1077,227,23,91,1,en,"Disappointed with Ellis, Parks and Jimenez - the Bacon Burger arrived cold and the order took much longer than promised. Courier was rude when we asked about the delay.",2023-06-17
1078,1078,434,47,19,3,en,Average experience. Cobb Salad was decent but a bit pricey for the portion size.,2023-01-19
1079,1079,93,11,96,5,en,The Veggie Burger from Dominguez-Short was excellent and the courier was friendly and quick. Will order again!,2024-06-22
1080,1080,498,1,68,3,en,"Williams, Campos and Cummings got the order right this time, Penne Arrabbiata was okay, packaging could be better.",2022-07-19
1081,1081,394,32,87,3,en,"Jackson, Bowman and Drake got the order right this time, Classic Cheeseburger was okay, packaging could be better.",2024-08-31
1082,1082,349,44,16,1,en,The Ravioli Ricotta e Spinaci from Whitaker-Paul was soggy by the time it got to us. Not ordering from here again.,2023-02-16
1083,1083,79,2,11,1,en,Wrong items in the bag - we ordered Dish and got something else entirely. Refund requested.,2024-06-30
1084,1084,322,18,77,4,en,"The Cobb Salad from Hensley, Johnson and Adams was excellent and the courier was friendly and quick. Will order again! Courier was polite and on time.",2022-01-08
1085,1085,319,29,42,2,en,"Cooper, Ross and Perkins used to be reliable but the last few orders have been late and the Bacon Burger portion has shrunk.",2022-05-22
1086,1086,145,21,8,5,en,Fast delivery and the Vegan Chili arrived perfectly hot. Great job Duran PLC!,2023-08-23
1087,1087,205,17,23,4,en,"Five stars. Rojas-Tanner nailed the Spaghetti Carbonara again, still hot and packed carefully.",2024-11-25
1088,1088,11,14,21,1,en,"Order was late and the courier never called when they couldn't find our building. order was barely warm. Had to track down the courier ourselves, no updates on the app.",2024-05-06
1089,1089,386,42,20,3,en,"Olson-Estrada got the order right this time, Dish was okay, packaging could be better.",2022-11-24
1090,1090,413,20,88,5,en,The Lentil Soup from Garza-Shea was excellent and the courier was friendly and quick. Will order again! Courier was polite and on time.,2022-05-25
1091,1091,263,13,63,2,en,"The Dish from Gallegos, Taylor and West was soggy by the time it got to us. Not ordering from here again. Courier was rude when we asked about the delay.",2024-08-31
1092,1092,289,39,55,1,en,"Disappointed with Meyer-Carrillo - the Cobb Salad arrived cold and the order took much longer than promised. Had to track down the courier ourselves, no updates on the app.",2024-04-12
1093,1093,96,28,81,4,en,The Crème Brûlée from Combs-Stone was excellent and the courier was friendly and quick. Will order again! Courier was polite and on time.,2022-04-15
1094,1094,499,30,87,3,en,"Rodriguez, James and Frank got the order right this time, Tagliatelle al Ragù was okay, packaging could be better.",2023-12-11
1095,1095,270,41,83,4,en,"Best Caprese Salad in the area, hands down. Peters, Golden and Ballard never disappoints.",2022-04-03
1096,1096,41,31,39,3,en,Average experience. Penne Arrabbiata was decent but a bit pricey for the portion size.,2024-12-15
1097,1097,268,28,38,1,en,Order was late and the courier never called when they couldn't find our building. Crème Brûlée was barely warm. Courier was rude when we asked about the delay.,2022-02-24
1098,1098,263,7,66,3,en,"Castaneda, Day and Weaver got the order right this time, Dish was okay, packaging could be better.",2023-03-31
1099,1099,369,37,33,2,en,"Guzman, Brown and Larsen used to be reliable but the last few orders have been late and the Dish portion has shrunk.",2022-10-08
1100,1100,9,8,95,3,en,"The order from Bell-Jimenez was fine, nothing special. Delivery was on time at least.",2023-05-23
1101,1101,24,6,54,5,en,"Five stars. Neal, Gomez and Watkins nailed the Caprese Salad again, still hot and packed carefully.",2022-11-24
1102,1102,231,40,34,4,en,The Ravioli Ricotta e Spinaci from Hawkins PLC was excellent and the courier was friendly and quick. Will order again!,2024-11-25
1103,1103,95,6,96,2,en,"Disappointed with Neal, Gomez and Watkins - the Caprese Salad arrived cold and the order took much longer than promised.",2022-10-15
1104,1104,274,2,1,5,en,Really happy with this order - Dish was fresh and the courier kept us updated the whole way. Courier was polite and on time.,2022-05-09
1105,1105,245,30,89,4,en,"Fast delivery and the Dish arrived perfectly hot. Great job Rodriguez, James and Frank!",2024-08-11
1106,1106,317,40,47,2,en,Disappointed with Hawkins PLC - the Chocolate Brownie arrived cold and the order took much longer than promised.,2024-01-11
1107,1107,45,9,18,4,en,"Fast delivery and the Diavola arrived perfectly hot. Great job Lowe, Ewing and Short! Courier was polite and on time.",2022-08-01
1108,1108,497,13,4,2,en,Order was late and the courier never called when they couldn't find our building. Dish was barely warm.,2023-06-12
1109,1109,124,28,81,3,en,"Combs-Stone got the order right this time, Crème Brûlée was okay, packaging could be better.",2022-08-01
1110,1110,76,31,55,5,en,"Fast delivery and the Penne Arrabbiata arrived perfectly hot. Great job Johnson, Roberts and Smith! Delivery driver even called ahead, nice touch.",2022-05-11
1111,1111,360,29,63,1,en,"Cooper, Ross and Perkins used to be reliable but the last few orders have been late and the Ravioli Ricotta e Spinaci portion has shrunk.",2022-01-25
1112,1112,125,13,38,5,en,"Five stars. Gallegos, Taylor and West nailed the Diavola again, still hot and packed carefully.",2024-07-01
1113,1113,171,1,14,5,en,"The Penne Arrabbiata from Williams, Campos and Cummings was excellent and the courier was friendly and quick. Will order again! Delivery driver even called ahead, nice touch.",2024-07-18
1114,1114,435,32,95,2,en,Wrong items in the bag - we ordered Dish and got something else entirely. Refund requested.,2023-10-16
1115,1115,19,32,52,1,en,"The Classic Cheeseburger from Jackson, Bowman and Drake was soggy by the time it got to us. Not ordering from here again.",2023-07-17
1116,1116,366,4,68,2,en,Disappointed with Howell Group - the Diavola arrived cold and the order took much longer than promised.,2023-04-09
1117,1117,33,18,83,3,en,Average experience. Penne Arrabbiata was decent but a bit pricey for the portion size.,2024-09-04
1118,1118,319,42,45,5,en,The BBQ Burger from Olson-Estrada was excellent and the courier was friendly and quick. Will order again!,2024-02-07
1119,1119,148,47,25,4,en,Really happy with this order - Caesar Salad was fresh and the courier kept us updated the whole way.,2023-01-15
1120,1120,113,38,88,4,en,Fast delivery and the Mushroom Swiss Burger arrived perfectly hot. Great job Nelson LLC!,2024-10-10
1121,1121,453,19,93,2,en,"Thomas-Williamson used to be reliable but the last few orders have been late and the Grilled Vegetable Skewers portion has shrunk. Had to track down the courier ourselves, no updates on the app.",2023-03-04
1122,1122,335,48,47,4,en,"Best Dish in the area, hands down. Williams LLC never disappoints.",2024-05-27
1123,1123,107,19,89,4,en,The Grilled Vegetable Skewers from Thomas-Williamson was excellent and the courier was friendly and quick. Will order again! Courier was polite and on time.,2024-01-02
1124,1124,103,11,78,4,en,"Five stars. Dominguez-Short nailed the Dish again, still hot and packed carefully.",2022-04-24
1125,1125,156,16,27,2,en,Order was late and the courier never called when they couldn't find our building. Dish was barely warm. Courier was rude when we asked about the delay.,2022-02-21
1126,1126,452,17,46,3,en,"Delivery took about as long as the app estimated. Dish tasted fine, would order again if nothing closer is open.",2022-06-26
1127,1127,414,5,44,3,en,"Wallace, Ortiz and Murray got the order right this time, Dish was okay, packaging could be better.",2022-05-08
1128,1128,288,15,63,2,en,"Cooper and Sons used to be reliable but the last few orders have been late and the Margherita portion has shrunk. Had to track down the courier ourselves, no updates on the app.",2024-12-25
1129,1129,395,36,35,3,en,"Delivery took about as long as the app estimated. Falafel Bowl tasted fine, would order again if nothing closer is open.",2024-07-24
1130,1130,343,7,91,2,en,Wrong items in the bag - we ordered Double Beef Burger and got something else entirely. Refund requested.,2024-10-15
1131,1131,493,49,15,3,en,"Delivery took about as long as the app estimated. Ravioli Ricotta e Spinaci tasted fine, would order again if nothing closer is open.",2024-05-06
1132,1132,22,33,14,3,en,Average experience. Double Beef Burger was decent but a bit pricey for the portion size.,2023-11-24
1133,1133,81,47,38,5,en,The Cobb Salad from Herman-Williams was excellent and the courier was friendly and quick. Will order again!,2023-04-30
1134,1134,376,7,20,4,en,"Fast delivery and the Panna Cotta arrived perfectly hot. Great job Castaneda, Day and Weaver!",2023-02-03
1135,1135,435,13,57,5,en,"Fast delivery and the Chocolate Brownie arrived perfectly hot. Great job Gallegos, Taylor and West!",2024-04-26
1136,1136,428,31,44,4,en,Really happy with this order - Dish was fresh and the courier kept us updated the whole way.,2023-07-08
1137,1137,191,46,97,2,en,Order was late and the courier never called when they couldn't find our building. Classic Cheeseburger was barely warm.,2023-02-03
1138,1138,386,49,68,5,en,"Best Greek Salad in the area, hands down. Myers, Shelton and Garcia never disappoints.",2024-05-12
1139,1139,212,27,59,4,en,The Grilled Vegetable Skewers from Rodriguez-Murray was excellent and the courier was friendly and quick. Will order again!,2024-05-22
1140,1140,227,10,99,3,en,"The Prosciutto e Funghi from Miles Group was fine, nothing special. Delivery was on time at least.",2024-02-28
1141,1141,44,22,41,4,en,"Five stars. Sanders, Smith and Smith nailed the Diavola again, still hot and packed carefully.",2024-12-14
1142,1142,32,26,98,1,en,Order was late and the courier never called when they couldn't find our building. Fettuccine Alfredo was barely warm. Courier was rude when we asked about the delay.,2023-12-26
1143,1143,30,41,92,3,en,"Peters, Golden and Ballard got the order right this time, Dish was okay, packaging could be better.",2024-08-17
1144,1144,206,44,90,4,en,"Best Tiramisu in the area, hands down. Whitaker-Paul never disappoints. Courier was polite and on time.",2024-08-15
1145,1145,5,18,68,3,en,"The Penne Arrabbiata from Hensley, Johnson and Adams was fine, nothing special. Delivery was on time at least.",2024-10-08
1146,1146,330,14,70,2,en,Wrong items in the bag - we ordered order and got something else entirely. Refund requested.,2024-05-17
1147,1147,177,42,52,5,en,"Five stars. Olson-Estrada nailed the Dish again, still hot and packed carefully.",2024-08-23
1148,1148,276,22,50,1,en,Wrong items in the bag - we ordered Dish and got something else entirely. Refund requested.,2023-07-27
1149,1149,110,6,66,2,en,"Disappointed with Neal, Gomez and Watkins - the Caprese Salad arrived cold and the order took much longer than promised.",2022-12-09
1150,1150,82,2,4,5,en,"Best Tagliatelle al Ragù in the area, hands down. Jackson, Walters and Michael never disappoints.",2023-10-14
1151,1151,372,28,65,5,en,"Really happy with this order - Crème Brûlée was fresh and the courier kept us updated the whole way. Delivery driver even called ahead, nice touch.",2024-03-14
1152,1152,322,33,46,1,en,Disappointed with Murphy and Sons - the Prosciutto e Funghi arrived cold and the order took much longer than promised.,2022-02-23
1153,1153,153,37,95,2,en,"Order was late and the courier never called when they couldn't find our building. Greek Salad was barely warm. Had to track down the courier ourselves, no updates on the app.",2023-05-13
1154,1154,298,37,92,3,en,"The Dish from Guzman, Brown and Larsen was fine, nothing special. Delivery was on time at least.",2023-12-31
1155,1155,154,19,86,5,en,"Best BBQ Burger in the area, hands down. Thomas-Williamson never disappoints. Delivery driver even called ahead, nice touch.",2023-09-23
1156,1156,194,34,95,1,en,Order was late and the courier never called when they couldn't find our building. Vegan Buddha Bowl was barely warm.,2022-04-28
1157,1157,99,50,47,3,en,"Delivery took about as long as the app estimated. Dish tasted fine, would order again if nothing closer is open.",2022-04-20
1158,1158,42,6,8,2,en,Wrong items in the bag - we ordered Crème Brûlée and got something else entirely. Refund requested.,2024-09-03
1159,1159,229,5,48,3,en,Average experience. Greek Salad was decent but a bit pricey for the portion size.,2023-07-31
1160,1160,447,17,75,4,en,The Dish from Rojas-Tanner was excellent and the courier was friendly and quick. Will order again!,2023-11-30
1161,1161,477,32,94,5,en,"Best Dish in the area, hands down. Jackson, Bowman and Drake never disappoints.",2024-06-24
1162,1162,66,32,92,4,en,"Five stars. Jackson, Bowman and Drake nailed the Dish again, still hot and packed carefully.",2022-05-24
1163,1163,61,45,28,1,en,"The Cheesecake from Tran Group was soggy by the time it got to us. Not ordering from here again. Had to track down the courier ourselves, no updates on the app.",2023-06-06
1164,1164,190,8,78,1,en,Wrong items in the bag - we ordered order and got something else entirely. Refund requested.,2022-05-01
1165,1165,149,3,67,1,en,"The Cobb Salad from Garcia, Pena and Adams was soggy by the time it got to us. Not ordering from here again.",2022-05-12
1166,1166,156,19,63,5,en,"Best Greek Salad in the area, hands down. Thomas-Williamson never disappoints.",2024-05-19
1167,1167,216,4,40,3,en,"Delivery took about as long as the app estimated. Diavola tasted fine, would order again if nothing closer is open.",2022-08-26
1168,1168,63,36,45,1,en,The Falafel Bowl from Sanders LLC was soggy by the time it got to us. Not ordering from here again. Courier was rude when we asked about the delay.,2024-08-14
1169,1169,294,20,73,5,en,Fast delivery and the Chocolate Brownie arrived perfectly hot. Great job Garza-Shea!,2024-09-16
1170,1170,428,47,78,1,en,"Disappointed with Herman-Williams - the Caesar Salad arrived cold and the order took much longer than promised. Had to track down the courier ourselves, no updates on the app.",2024-04-16
1171,1171,236,49,58,4,en,"Best Cheesecake in the area, hands down. Myers, Shelton and Garcia never disappoints.",2023-05-10
1172,1172,410,40,86,3,en,Average experience. Falafel Bowl was decent but a bit pricey for the portion size.,2023-03-25
1173,1173,174,35,6,4,en,"Five stars. Ross Group nailed the Dish again, still hot and packed carefully. Courier was polite and on time.",2024-09-04
1174,1174,46,11,91,2,en,Order was late and the courier never called when they couldn't find our building. Veggie Burger was barely warm.,2023-09-22
1175,1175,331,8,83,4,en,"Best order in the area, hands down. Bell-Jimenez never disappoints.",2022-04-04
1176,1176,388,4,73,4,en,The Quattro Formaggi from Howell Group was excellent and the courier was friendly and quick. Will order again! Courier was polite and on time.,2022-07-29
1177,1177,460,2,16,2,en,"Disappointed with Jackson, Walters and Michael - the Dish arrived cold and the order took much longer than promised. Courier was rude when we asked about the delay.",2024-10-25
1178,1178,141,14,32,3,en,"Jensen-Watkins got the order right this time, order was okay, packaging could be better.",2024-07-11
1179,1179,414,35,78,2,en,Wrong items in the bag - we ordered Dish and got something else entirely. Refund requested. Courier was rude when we asked about the delay.,2023-03-18
1180,1180,442,2,44,4,en,"Best Tagliatelle al Ragù in the area, hands down. Jackson, Walters and Michael never disappoints.",2022-07-19
1181,1181,163,25,33,4,en,Fast delivery and the Greek Salad arrived perfectly hot. Great job Hill-Mckay!,2022-05-06
1182,1182,87,19,19,2,en,Thomas-Williamson used to be reliable but the last few orders have been late and the Nicoise Salad portion has shrunk.,2022-10-09
1183,1183,158,27,87,2,en,The Tofu Stir-Fry from Rodriguez-Murray was soggy by the time it got to us. Not ordering from here again.,2022-03-08
1184,1184,14,46,8,3,en,"The Classic Cheeseburger from Smith Group was fine, nothing special. Delivery was on time at least.",2023-03-04
1185,1185,212,21,34,3,en,Average experience. Dish was decent but a bit pricey for the portion size.,2024-10-30
1186,1186,104,16,97,5,en,"Fast delivery and the Dish arrived perfectly hot. Great job Nelson, Graham and Fields!",2023-10-07
1187,1187,386,33,50,2,en,Murphy and Sons used to be reliable but the last few orders have been late and the Double Beef Burger portion has shrunk.,2022-10-26
1188,1188,284,27,9,1,en,Disappointed with Rodriguez-Murray - the Grilled Vegetable Skewers arrived cold and the order took much longer than promised.,2022-02-04
1189,1189,138,36,76,2,en,Order was late and the courier never called when they couldn't find our building. Falafel Bowl was barely warm. Courier was rude when we asked about the delay.,2022-04-24
1190,1190,291,27,58,4,en,The Caprese Salad from Rodriguez-Murray was excellent and the courier was friendly and quick. Will order again!,2024-07-18
1191,1191,401,10,48,5,en,Fast delivery and the Prosciutto e Funghi arrived perfectly hot. Great job Miles Group!,2024-12-17
1192,1192,488,28,72,2,en,Wrong items in the bag - we ordered Crème Brûlée and got something else entirely. Refund requested.,2022-02-18
1193,1193,149,42,22,1,en,Wrong items in the bag - we ordered Dish and got something else entirely. Refund requested.,2022-03-08
1194,1194,307,17,88,5,en,"Best Spaghetti Carbonara in the area, hands down. Rojas-Tanner never disappoints.",2025-01-02
1195,1195,431,33,37,1,en,Murphy and Sons used to be reliable but the last few orders have been late and the Prosciutto e Funghi portion has shrunk.,2022-06-28
1196,1196,36,20,12,3,en,"The Chocolate Brownie from Garza-Shea was fine, nothing special. Delivery was on time at least.",2024-02-05
1197,1197,285,18,56,1,en,Wrong items in the bag - we ordered Cobb Salad and got something else entirely. Refund requested.,2023-11-02
1198,1198,485,22,82,1,en,"Wrong items in the bag - we ordered Spaghetti Carbonara and got something else entirely. Refund requested. Had to track down the courier ourselves, no updates on the app.",2024-12-11
1199,1199,126,43,42,3,en,"The Penne Arrabbiata from Arnold, Montgomery and Doyle was fine, nothing special. Delivery was on time at least.",2022-08-19
1200,1200,468,45,18,2,en,The Crème Brûlée from Tran Group was soggy by the time it got to us. Not ordering from here again.,2024-10-08
1201,1201,462,1,87,4,en,"Best Lasagna in the area, hands down. Williams, Campos and Cummings never disappoints.",2023-03-30
1202,1202,276,6,84,2,en,"The Tiramisu from Neal, Gomez and Watkins was soggy by the time it got to us. Not ordering from here again.",2022-03-28
1203,1203,228,44,16,1,en,"The Penne Arrabbiata from Whitaker-Paul was soggy by the time it got to us. Not ordering from here again. Had to track down the courier ourselves, no updates on the app.",2024-12-02
1204,1204,184,25,23,1,en,Wrong items in the bag - we ordered Greek Salad and got something else entirely. Refund requested.,2024-12-15
1205,1205,190,13,57,4,en,"Five stars. Gallegos, Taylor and West nailed the Diavola again, still hot and packed carefully.",2022-09-01
1206,1206,349,46,46,2,en,Wrong items in the bag - we ordered Cobb Salad and got something else entirely. Refund requested. Courier was rude when we asked about the delay.,2022-04-09
1207,1207,114,15,64,2,en,Cooper and Sons used to be reliable but the last few orders have been late and the Margherita portion has shrunk.,2022-02-12
1208,1208,362,39,27,4,en,"Five stars. Meyer-Carrillo nailed the Cobb Salad again, still hot and packed carefully.",2022-08-04
1209,1209,446,18,73,3,en,"The Cobb Salad from Hensley, Johnson and Adams was fine, nothing special. Delivery was on time at least.",2023-06-29
1210,1210,338,48,73,1,en,Wrong items in the bag - we ordered Spaghetti Carbonara and got something else entirely. Refund requested. Courier was rude when we asked about the delay.,2024-01-19
1211,1211,302,9,96,3,en,"Lowe, Ewing and Short got the order right this time, Cheesecake was okay, packaging could be better.",2022-05-23
1212,1212,374,18,25,4,en,"The Penne Arrabbiata from Hensley, Johnson and Adams was excellent and the courier was friendly and quick. Will order again!",2022-01-27
1213,1213,130,44,72,3,en,"Whitaker-Paul got the order right this time, Quattro Formaggi was okay, packaging could be better.",2022-01-04
1214,1214,345,42,7,4,en,The Diavola from Olson-Estrada was excellent and the courier was friendly and quick. Will order again!,2023-04-21
1215,1215,63,44,67,5,en,"Best Ravioli Ricotta e Spinaci in the area, hands down. Whitaker-Paul never disappoints.",2023-06-29
1216,1216,453,47,29,1,en,Wrong items in the bag - we ordered Cobb Salad and got something else entirely. Refund requested.,2022-11-03
1217,1217,230,21,1,1,en,Disappointed with Duran PLC - the Vegan Chili arrived cold and the order took much longer than promised. Courier was rude when we asked about the delay.,2022-08-04
1218,1218,414,2,95,1,en,"The Dish from Jackson, Walters and Michael was soggy by the time it got to us. Not ordering from here again.",2024-12-11
1219,1219,470,16,26,5,en,"Best Dish in the area, hands down. Nelson, Graham and Fields never disappoints. Courier was polite and on time.",2022-12-27
1220,1220,321,7,4,3,en,Average experience. Panna Cotta was decent but a bit pricey for the portion size.,2023-04-22
1221,1221,409,41,43,2,en,"Peters, Golden and Ballard used to be reliable but the last few orders have been late and the Lasagna portion has shrunk.",2022-09-28
1222,1222,491,22,7,5,en,"Best Spaghetti Carbonara in the area, hands down. Sanders, Smith and Smith never disappoints.",2023-07-27
1223,1223,398,39,80,2,en,Wrong items in the bag - we ordered Veggie Burger and got something else entirely. Refund requested.,2024-04-18
1224,1224,64,6,8,2,en,"Disappointed with Neal, Gomez and Watkins - the Caprese Salad arrived cold and the order took much longer than promised.",2023-02-20
1225,1225,32,29,8,3,en,"Delivery took about as long as the app estimated. Ravioli Ricotta e Spinaci tasted fine, would order again if nothing closer is open.",2023-11-03
1226,1226,53,44,8,5,en,"The Mushroom Swiss Burger from Whitaker-Paul was excellent and the courier was friendly and quick. Will order again! Delivery driver even called ahead, nice touch.",2022-02-28
1227,1227,50,40,97,5,en,"Five stars. Hawkins PLC nailed the Ravioli Ricotta e Spinaci again, still hot and packed carefully.",2022-09-14
1228,1228,197,30,55,3,en,"Rodriguez, James and Frank got the order right this time, Dish was okay, packaging could be better.",2023-11-12
1229,1229,481,44,4,4,en,"Best Tiramisu in the area, hands down. Whitaker-Paul never disappoints.",2023-07-23
1230,1230,53,1,77,3,en,"Williams, Campos and Cummings got the order right this time, Penne Arrabbiata was okay, packaging could be better.",2022-03-19
1231,1231,65,41,66,2,en,Order was late and the courier never called when they couldn't find our building. Tofu Stir-Fry was barely warm.,2023-01-28
1232,1232,318,29,24,2,en,"Cooper, Ross and Perkins used to be reliable but the last few orders have been late and the Ravioli Ricotta e Spinaci portion has shrunk.",2022-06-03
1233,1233,66,20,75,5,en,The Lentil Soup from Garza-Shea was excellent and the courier was friendly and quick. Will order again! Courier was polite and on time.,2023-07-18
1234,1234,299,35,100,5,en,"Fast delivery and the Cobb Salad arrived perfectly hot. Great job Ross Group! Delivery driver even called ahead, nice touch.",2022-06-14
1235,1235,176,19,48,2,en,"Wrong items in the bag - we ordered Vegan Chili and got something else entirely. Refund requested. Had to track down the courier ourselves, no updates on the app.",2023-07-25
1236,1236,122,33,72,3,en,"Delivery took about as long as the app estimated. Prosciutto e Funghi tasted fine, would order again if nothing closer is open.",2023-04-08
1237,1237,328,13,9,5,en,"The Chocolate Brownie from Gallegos, Taylor and West was excellent and the courier was friendly and quick. Will order again! Courier was polite and on time.",2022-07-28
1238,1238,355,30,77,4,en,"The Dish from Rodriguez, James and Frank was excellent and the courier was friendly and quick. Will order again!",2022-12-31
1239,1239,154,27,43,4,en,Really happy with this order - Caprese Salad was fresh and the courier kept us updated the whole way.,2022-04-25
1240,1240,113,1,82,4,en,"Fast delivery and the Dish arrived perfectly hot. Great job Williams, Campos and Cummings!",2024-01-31
1241,1241,110,16,62,4,en,"Five stars. Nelson, Graham and Fields nailed the Classic Cheeseburger again, still hot and packed carefully.",2024-06-03
1242,1242,205,12,1,1,en,"Disappointed with Cruz, Jackson and Kane - the Dish arrived cold and the order took much longer than promised.",2022-01-11
1243,1243,285,8,19,3,en,"Bell-Jimenez got the order right this time, order was okay, packaging could be better.",2023-04-29
1244,1244,500,2,26,2,en,"Disappointed with Jackson, Walters and Michael - the Tagliatelle al Ragù arrived cold and the order took much longer than promised.",2022-11-11
1245,1245,369,12,44,5,en,"Best Dish in the area, hands down. Cruz, Jackson and Kane never disappoints.",2022-09-27
1246,1246,91,17,13,1,en,Disappointed with Rojas-Tanner - the Dish arrived cold and the order took much longer than promised.,2024-07-03
1247,1247,336,8,44,2,en,Order was late and the courier never called when they couldn't find our building. order was barely warm.,2022-12-02
1248,1248,415,24,85,2,en,"Disappointed with Bell, Williamson and Duncan - the Waldorf Salad arrived cold and the order took much longer than promised.",2024-10-30
1249,1249,34,8,19,4,en,"Best order in the area, hands down. Bell-Jimenez never disappoints.",2024-05-21
1250,1250,194,45,48,2,en,Tran Group used to be reliable but the last few orders have been late and the Waldorf Salad portion has shrunk.,2023-10-23
1251,1251,391,40,76,3,en,Average experience. Ravioli Ricotta e Spinaci was decent but a bit pricey for the portion size.,2024-07-26
1252,1252,168,16,7,4,en,"Five stars. Nelson, Graham and Fields nailed the Classic Cheeseburger again, still hot and packed carefully. Courier was polite and on time.",2024-05-23
1253,1253,496,38,63,2,en,Wrong items in the bag - we ordered Calzone and got something else entirely. Refund requested. Courier was rude when we asked about the delay.,2024-03-08
1254,1254,315,5,22,4,en,"Fast delivery and the Diavola arrived perfectly hot. Great job Wallace, Ortiz and Murray!",2023-03-04
1255,1255,256,34,60,3,en,"Houston Inc got the order right this time, Vegan Buddha Bowl was okay, packaging could be better.",2022-12-19
1256,1256,356,31,92,1,en,"Johnson, Roberts and Smith used to be reliable but the last few orders have been late and the Dish portion has shrunk. Had to track down the courier ourselves, no updates on the app.",2023-06-07
1257,1257,472,38,84,1,en,Order was late and the courier never called when they couldn't find our building. Calzone was barely warm.,2022-08-19
1258,1258,442,16,51,2,en,Wrong items in the bag - we ordered Lasagna and got something else entirely. Refund requested.,2022-12-03
1259,1259,81,24,33,2,en,"Wrong items in the bag - we ordered Diavola and got something else entirely. Refund requested. Had to track down the courier ourselves, no updates on the app.",2022-04-06
1260,1260,228,34,46,5,en,The Vegan Buddha Bowl from Houston Inc was excellent and the courier was friendly and quick. Will order again!,2023-10-03
1261,1261,319,22,55,5,en,"Fast delivery and the Dish arrived perfectly hot. Great job Sanders, Smith and Smith!",2023-05-31
1262,1262,412,32,41,1,en,"The Lasagna from Jackson, Bowman and Drake was soggy by the time it got to us. Not ordering from here again.",2023-02-26
1263,1263,120,17,83,5,en,Really happy with this order - Spaghetti Carbonara was fresh and the courier kept us updated the whole way.,2023-01-29
1264,1264,432,33,66,1,en,Disappointed with Murphy and Sons - the Double Beef Burger arrived cold and the order took much longer than promised.,2023-12-10
1265,1265,51,8,10,1,en,"Wrong items in the bag - we ordered order and got something else entirely. Refund requested. Had to track down the courier ourselves, no updates on the app.",2022-02-13
1266,1266,101,44,43,4,en,Really happy with this order - Penne Arrabbiata was fresh and the courier kept us updated the whole way. Courier was polite and on time.,2022-11-28
1267,1267,362,39,18,3,en,Average experience. Veggie Burger was decent but a bit pricey for the portion size.,2024-03-22
1268,1268,395,20,37,4,en,"Five stars. Garza-Shea nailed the Chocolate Brownie again, still hot and packed carefully. Delivery driver even called ahead, nice touch.",2024-05-10
1269,1269,421,38,97,4,en,Fast delivery and the Dish arrived perfectly hot. Great job Nelson LLC!,2022-01-17
1270,1270,444,26,30,1,en,Order was late and the courier never called when they couldn't find our building. Fettuccine Alfredo was barely warm.,2024-03-04
1271,1271,120,34,76,3,en,Average experience. Vegan Buddha Bowl was decent but a bit pricey for the portion size.,2024-04-10
1272,1272,406,6,41,3,en,"Neal, Gomez and Watkins got the order right this time, Caprese Salad was okay, packaging could be better.",2023-04-16
1273,1273,225,29,72,2,en,"Cooper, Ross and Perkins used to be reliable but the last few orders have been late and the Dish portion has shrunk. Had to track down the courier ourselves, no updates on the app.",2023-02-15
1274,1274,483,48,2,4,en,The Dish from Williams LLC was excellent and the courier was friendly and quick. Will order again!,2024-06-10
1275,1275,116,27,55,5,en,Really happy with this order - Grilled Vegetable Skewers was fresh and the courier kept us updated the whole way.,2024-04-06
1276,1276,167,38,3,4,en,Really happy with this order - Dish was fresh and the courier kept us updated the whole way.,2024-05-13
1277,1277,488,22,73,2,en,"Disappointed with Sanders, Smith and Smith - the Dish arrived cold and the order took much longer than promised. Courier was rude when we asked about the delay.",2024-05-26
1278,1278,105,26,9,3,en,"The Dish from Lang PLC was fine, nothing special. Delivery was on time at least.",2023-03-01
1279,1279,169,37,58,3,en,Average experience. Dish was decent but a bit pricey for the portion size.,2024-09-10
1280,1280,54,44,71,3,en,Average experience. Fettuccine Alfredo was decent but a bit pricey for the portion size.,2022-02-08
1281,1281,96,13,9,1,en,"Gallegos, Taylor and West used to be reliable but the last few orders have been late and the Chocolate Brownie portion has shrunk. Had to track down the courier ourselves, no updates on the app.",2022-11-11
1282,1282,338,34,9,3,en,"Delivery took about as long as the app estimated. Vegan Buddha Bowl tasted fine, would order again if nothing closer is open.",2022-03-08
1283,1283,88,21,53,2,en,Disappointed with Duran PLC - the Dish arrived cold and the order took much longer than promised. Courier was rude when we asked about the delay.,2022-06-25
1284,1284,275,27,62,2,en,"Wrong items in the bag - we ordered Grilled Vegetable Skewers and got something else entirely. Refund requested. Had to track down the courier ourselves, no updates on the app.",2023-03-04
1285,1285,446,14,40,1,en,"The order from Jensen-Watkins was soggy by the time it got to us. Not ordering from here again. Had to track down the courier ourselves, no updates on the app.",2024-06-15
1286,1286,310,37,40,4,en,"Five stars. Guzman, Brown and Larsen nailed the Greek Salad again, still hot and packed carefully. Delivery driver even called ahead, nice touch.",2022-08-14
1287,1287,104,1,19,5,en,Really happy with this order - Lasagna was fresh and the courier kept us updated the whole way.,2022-03-14
1288,1288,414,16,68,4,en,"Fast delivery and the Lasagna arrived perfectly hot. Great job Nelson, Graham and Fields!",2024-09-27
1289,1289,237,37,6,5,en,"Five stars. Guzman, Brown and Larsen nailed the Dish again, still hot and packed carefully.",2022-11-15
1290,1290,359,46,39,2,en,Order was late and the courier never called when they couldn't find our building. Pepperoni was barely warm.,2023-11-05
1291,1291,128,12,80,1,en,"Wrong items in the bag - we ordered Dish and got something else entirely. Refund requested. Had to track down the courier ourselves, no updates on the app.",2023-05-20
1292,1292,292,7,51,4,en,"Fast delivery and the Diavola arrived perfectly hot. Great job Castaneda, Day and Weaver! Delivery driver even called ahead, nice touch.",2024-11-03
1293,1293,141,41,69,4,en,"Best Classic Cheeseburger in the area, hands down. Peters, Golden and Ballard never disappoints.",2024-01-02
1294,1294,372,47,28,3,en,"Herman-Williams got the order right this time, Cobb Salad was okay, packaging could be better.",2023-03-30
1295,1295,189,5,97,3,en,"Wallace, Ortiz and Murray got the order right this time, Dish was okay, packaging could be better.",2023-07-10
1296,1296,231,11,33,5,en,"Best Dish in the area, hands down. Dominguez-Short never disappoints.",2023-07-10
1297,1297,38,41,89,2,en,Order was late and the courier never called when they couldn't find our building. Dish was barely warm.,2024-04-01
1298,1298,382,26,25,5,en,The Fettuccine Alfredo from Lang PLC was excellent and the courier was friendly and quick. Will order again! Courier was polite and on time.,2022-02-14
1299,1299,364,9,42,2,en,Wrong items in the bag - we ordered Diavola and got something else entirely. Refund requested.,2024-04-03
1300,1300,35,6,71,3,en,Average experience. Tiramisu was decent but a bit pricey for the portion size.,2022-09-24
1301,1301,242,18,21,2,en,"Disappointed with Hensley, Johnson and Adams - the Cobb Salad arrived cold and the order took much longer than promised.",2024-07-10
1302,1302,151,8,69,5,en,"Best order in the area, hands down. Bell-Jimenez never disappoints.",2022-07-05
1303,1303,140,10,57,4,en,"Five stars. Miles Group nailed the Grilled Vegetable Skewers again, still hot and packed carefully.",2022-07-17
1304,1304,273,14,57,5,en,Fast delivery and the order arrived perfectly hot. Great job Jensen-Watkins! Courier was polite and on time.,2022-02-22
1305,1305,340,46,85,1,en,The Pepperoni from Smith Group was soggy by the time it got to us. Not ordering from here again.,2023-03-07
1306,1306,27,39,1,3,en,"The Veggie Burger from Meyer-Carrillo was fine, nothing special. Delivery was on time at least.",2024-04-28
1307,1307,192,16,26,3,en,"The Quattro Formaggi from Nelson, Graham and Fields was fine, nothing special. Delivery was on time at least.",2022-01-18
1308,1308,173,13,88,2,en,Wrong items in the bag - we ordered Dish and got something else entirely. Refund requested.,2022-03-11
1309,1309,86,47,22,5,en,Really happy with this order - Apple Strudel was fresh and the courier kept us updated the whole way.,2023-04-01
1310,1310,166,36,81,2,en,Sanders LLC used to be reliable but the last few orders have been late and the Falafel Bowl portion has shrunk. Courier was rude when we asked about the delay.,2023-11-17
1311,1311,481,28,16,3,en,Average experience. Pepperoni was decent but a bit pricey for the portion size.,2022-08-25
1312,1312,89,1,52,2,en,"Williams, Campos and Cummings used to be reliable but the last few orders have been late and the Lasagna portion has shrunk.",2022-12-13
1313,1313,235,15,9,5,en,"Best Apple Strudel in the area, hands down. Cooper and Sons never disappoints.",2024-06-13
1314,1314,35,14,53,4,en,"Five stars. Jensen-Watkins nailed the order again, still hot and packed carefully.",2024-04-24
1315,1315,365,35,73,5,en,"Five stars. Ross Group nailed the Dish again, still hot and packed carefully. Delivery driver even called ahead, nice touch.",2022-10-06
1316,1316,167,41,90,2,en,"Peters, Golden and Ballard used to be reliable but the last few orders have been late and the Spaghetti Carbonara portion has shrunk. Had to track down the courier ourselves, no updates on the app.",2024-01-16
1317,1317,90,41,98,3,en,"Peters, Golden and Ballard got the order right this time, Dish was okay, packaging could be better.",2022-12-16
1318,1318,172,2,78,4,en,Really happy with this order - Tagliatelle al Ragù was fresh and the courier kept us updated the whole way.,2023-05-09
1319,1319,380,15,65,2,en,Wrong items in the bag - we ordered Apple Strudel and got something else entirely. Refund requested.,2024-02-15
1320,1320,11,40,98,2,en,Hawkins PLC used to be reliable but the last few orders have been late and the Chocolate Brownie portion has shrunk.,2022-12-07
1321,1321,318,6,8,5,en,"Fast delivery and the Crème Brûlée arrived perfectly hot. Great job Neal, Gomez and Watkins! Courier was polite and on time.",2023-02-15
1322,1322,78,25,27,1,en,Order was late and the courier never called when they couldn't find our building. Caprese Salad was barely warm.,2022-02-12
1323,1323,450,22,18,2,en,"Disappointed with Sanders, Smith and Smith - the Diavola arrived cold and the order took much longer than promised.",2022-12-15
1324,1324,406,27,83,2,en,"Rodriguez-Murray used to be reliable but the last few orders have been late and the Caprese Salad portion has shrunk. Had to track down the courier ourselves, no updates on the app.",2024-04-05
1325,1325,170,22,32,1,en,"Sanders, Smith and Smith used to be reliable but the last few orders have been late and the Diavola portion has shrunk.",2023-08-17
1326,1326,357,47,29,4,en,"Five stars. Herman-Williams nailed the Caesar Salad again, still hot and packed carefully.",2024-08-15
1327,1327,94,29,81,2,en,Wrong items in the bag - we ordered Dish and got something else entirely. Refund requested.,2022-03-15
1328,1328,489,13,7,3,en,"Gallegos, Taylor and West got the order right this time, Chocolate Brownie was okay, packaging could be better.",2024-12-26
1329,1329,47,12,76,3,en,"Cruz, Jackson and Kane got the order right this time, Ravioli Ricotta e Spinaci was okay, packaging could be better.",2024-06-30
1330,1330,260,6,55,2,en,"Neal, Gomez and Watkins used to be reliable but the last few orders have been late and the Crème Brûlée portion has shrunk.",2022-12-09
1331,1331,218,12,78,2,en,"The Dish from Cruz, Jackson and Kane was soggy by the time it got to us. Not ordering from here again. Had to track down the courier ourselves, no updates on the app.",2022-12-01
1332,1332,104,18,62,1,en,"Disappointed with Hensley, Johnson and Adams - the Cobb Salad arrived cold and the order took much longer than promised. Had to track down the courier ourselves, no updates on the app.",2024-11-09
1333,1333,194,11,61,2,en,Wrong items in the bag - we ordered Dish and got something else entirely. Refund requested.,2023-04-09
1334,1334,420,31,3,2,en,"Order was late and the courier never called when they couldn't find our building. Penne Arrabbiata was barely warm. Had to track down the courier ourselves, no updates on the app.",2023-04-14
1335,1335,305,35,20,4,en,"Five stars. Ross Group nailed the Cobb Salad again, still hot and packed carefully.",2024-03-07
1336,1336,238,20,59,3,en,"Garza-Shea got the order right this time, Chocolate Brownie was okay, packaging could be better.",2023-02-17
1337,1337,171,9,92,1,en,Order was late and the courier never called when they couldn't find our building. Diavola was barely warm. Courier was rude when we asked about the delay.,2022-08-06
1338,1338,7,33,94,2,en,Disappointed with Murphy and Sons - the Double Beef Burger arrived cold and the order took much longer than promised.,2023-06-24
1339,1339,497,48,48,2,en,"Wrong items in the bag - we ordered Lentil Soup and got something else entirely. Refund requested. Had to track down the courier ourselves, no updates on the app.",2023-06-24
1340,1340,454,3,16,3,en,"The Ravioli Ricotta e Spinaci from Garcia, Pena and Adams was fine, nothing special. Delivery was on time at least.",2024-10-18
1341,1341,391,28,33,4,en,The Pepperoni from Combs-Stone was excellent and the courier was friendly and quick. Will order again!,2023-07-16
1342,1342,353,24,90,3,en,"Bell, Williamson and Duncan got the order right this time, Waldorf Salad was okay, packaging could be better.",2023-12-18
1343,1343,127,16,62,1,en,"Nelson, Graham and Fields used to be reliable but the last few orders have been late and the Dish portion has shrunk.",2024-10-09
1344,1344,362,44,4,5,en,Really happy with this order - Penne Arrabbiata was fresh and the courier kept us updated the whole way.,2024-01-03
1345,1345,310,30,88,5,en,"Fast delivery and the Dish arrived perfectly hot. Great job Rodriguez, James and Frank!",2022-10-09
1346,1346,60,50,12,3,en,Average experience. Caesar Salad was decent but a bit pricey for the portion size.,2024-02-20
1347,1347,362,38,11,2,en,Wrong items in the bag - we ordered Calzone and got something else entirely. Refund requested. Courier was rude when we asked about the delay.,2024-09-25
1348,1348,425,28,33,4,en,Fast delivery and the Pepperoni arrived perfectly hot. Great job Combs-Stone! Courier was polite and on time.,2022-11-30
1349,1349,454,25,76,2,en,Hill-Mckay used to be reliable but the last few orders have been late and the Caprese Salad portion has shrunk.,2024-03-15
1350,1350,326,37,100,1,en,Order was late and the courier never called when they couldn't find our building. Dish was barely warm.,2024-06-11
1351,1351,108,48,51,2,en,Disappointed with Williams LLC - the Tagliatelle al Ragù arrived cold and the order took much longer than promised.,2022-12-06
1352,1352,1,7,9,2,en,Order was late and the courier never called when they couldn't find our building. Panna Cotta was barely warm.,2023-04-05
1353,1353,148,47,56,3,en,"Delivery took about as long as the app estimated. Apple Strudel tasted fine, would order again if nothing closer is open.",2022-07-13
1354,1354,69,13,63,1,en,"Order was late and the courier never called when they couldn't find our building. Dish was barely warm. Had to track down the courier ourselves, no updates on the app.",2023-07-05
1355,1355,291,14,24,3,en,"The order from Jensen-Watkins was fine, nothing special. Delivery was on time at least.",2022-03-08
1356,1356,133,27,57,1,en,Disappointed with Rodriguez-Murray - the Grilled Vegetable Skewers arrived cold and the order took much longer than promised.,2024-09-29
1357,1357,86,6,38,4,en,"Fast delivery and the Caprese Salad arrived perfectly hot. Great job Neal, Gomez and Watkins!",2023-02-22
1358,1358,176,2,75,1,en,"Jackson, Walters and Michael used to be reliable but the last few orders have been late and the Dish portion has shrunk. Courier was rude when we asked about the delay.",2023-06-11
1359,1359,32,18,97,2,en,"Wrong items in the bag - we ordered Penne Arrabbiata and got something else entirely. Refund requested. Had to track down the courier ourselves, no updates on the app.",2023-12-31
1360,1360,109,34,1,2,en,"Wrong items in the bag - we ordered Prosciutto e Funghi and got something else entirely. Refund requested. Had to track down the courier ourselves, no updates on the app.",2023-10-25
1361,1361,243,49,44,2,en,Wrong items in the bag - we ordered Cheesecake and got something else entirely. Refund requested.,2023-04-16
1362,1362,456,22,41,3,en,"The Tagliatelle al Ragù from Sanders, Smith and Smith was fine, nothing special. Delivery was on time at least.",2024-10-30
1363,1363,313,4,46,1,en,Howell Group used to be reliable but the last few orders have been late and the Diavola portion has shrunk. Courier was rude when we asked about the delay.,2024-06-03
1364,1364,446,45,52,1,en,Tran Group used to be reliable but the last few orders have been late and the Cheesecake portion has shrunk.,2022-01-29
1365,1365,144,45,97,4,en,The Waldorf Salad from Tran Group was excellent and the courier was friendly and quick. Will order again!,2023-02-10
1366,1366,212,43,25,1,en,"The Dish from Arnold, Montgomery and Doyle was soggy by the time it got to us. Not ordering from here again.",2024-12-19
1367,1367,325,24,6,3,en,"Bell, Williamson and Duncan got the order right this time, Waldorf Salad was okay, packaging could be better.",2024-01-17
1368,1368,249,26,95,3,en,"Delivery took about as long as the app estimated. Dish tasted fine, would order again if nothing closer is open.",2024-05-20
1369,1369,481,31,85,3,en,"Delivery took about as long as the app estimated. Dish tasted fine, would order again if nothing closer is open.",2024-09-20
1370,1370,311,13,92,5,en,"Five stars. Gallegos, Taylor and West nailed the Dish again, still hot and packed carefully.",2024-08-13
1371,1371,66,32,12,4,en,"Best Dish in the area, hands down. Jackson, Bowman and Drake never disappoints. Courier was polite and on time.",2024-07-02
1372,1372,87,29,15,1,en,"The Grilled Vegetable Skewers from Cooper, Ross and Perkins was soggy by the time it got to us. Not ordering from here again. Courier was rude when we asked about the delay.",2023-12-29
1373,1373,109,11,97,5,en,Fast delivery and the Dish arrived perfectly hot. Great job Dominguez-Short!,2024-02-07
1374,1374,367,2,21,3,en,Average experience. Dish was decent but a bit pricey for the portion size.,2024-09-16
1375,1375,369,17,86,1,en,Order was late and the courier never called when they couldn't find our building. Classic Cheeseburger was barely warm.,2024-11-10
1376,1376,70,35,82,3,en,"Delivery took about as long as the app estimated. Dish tasted fine, would order again if nothing closer is open.",2022-04-12
1377,1377,478,37,99,2,en,Wrong items in the bag - we ordered Greek Salad and got something else entirely. Refund requested.,2022-03-12
1378,1378,467,46,96,2,en,The Cobb Salad from Smith Group was soggy by the time it got to us. Not ordering from here again. Courier was rude when we asked about the delay.,2023-12-21
1379,1379,115,17,15,3,en,"Delivery took about as long as the app estimated. Dish tasted fine, would order again if nothing closer is open.",2022-04-07
1380,1380,380,38,25,3,en,"The Mushroom Swiss Burger from Nelson LLC was fine, nothing special. Delivery was on time at least.",2023-09-22
1381,1381,489,25,74,4,en,Really happy with this order - Tagliatelle al Ragù was fresh and the courier kept us updated the whole way.,2022-12-10
1382,1382,434,25,55,3,en,"Delivery took about as long as the app estimated. Greek Salad tasted fine, would order again if nothing closer is open.",2024-04-26
1383,1383,340,39,76,1,en,Order was late and the courier never called when they couldn't find our building. Cobb Salad was barely warm.,2022-04-27
1384,1384,437,30,41,1,en,"Rodriguez, James and Frank used to be reliable but the last few orders have been late and the Dish portion has shrunk.",2024-06-14
1385,1385,256,44,59,5,en,Really happy with this order - Penne Arrabbiata was fresh and the courier kept us updated the whole way.,2023-10-22
1386,1386,341,45,5,5,en,The Waldorf Salad from Tran Group was excellent and the courier was friendly and quick. Will order again!,2022-12-18
1387,1387,64,18,91,2,en,"Hensley, Johnson and Adams used to be reliable but the last few orders have been late and the Penne Arrabbiata portion has shrunk.",2023-06-10
1388,1388,150,46,49,3,en,"Delivery took about as long as the app estimated. Pepperoni tasted fine, would order again if nothing closer is open.",2024-12-14
1389,1389,424,46,27,3,en,"The Cobb Salad from Smith Group was fine, nothing special. Delivery was on time at least.",2024-02-10
1390,1390,439,32,94,1,en,Order was late and the courier never called when they couldn't find our building. Dish was barely warm.,2022-11-25
1391,1391,281,26,44,2,en,Disappointed with Lang PLC - the Dish arrived cold and the order took much longer than promised.,2024-01-17
1392,1392,201,5,68,3,en,"Wallace, Ortiz and Murray got the order right this time, Diavola was okay, packaging could be better.",2022-11-09
1393,1393,439,36,51,2,en,The Falafel Bowl from Sanders LLC was soggy by the time it got to us. Not ordering from here again.,2022-05-26
1394,1394,156,30,84,5,en,"The Tagliatelle al Ragù from Rodriguez, James and Frank was excellent and the courier was friendly and quick. Will order again!",2023-09-25
1395,1395,248,19,19,1,en,Disappointed with Thomas-Williamson - the Nicoise Salad arrived cold and the order took much longer than promised.,2022-08-28
1396,1396,334,1,47,4,en,Really happy with this order - Dish was fresh and the courier kept us updated the whole way.,2022-04-25
1397,1397,487,28,87,5,en,Really happy with this order - Crème Brûlée was fresh and the courier kept us updated the whole way.,2024-10-13
1398,1398,499,31,23,1,en,Order was late and the courier never called when they couldn't find our building. Dish was barely warm.,2022-05-12
1399,1399,174,38,56,5,en,The Mushroom Swiss Burger from Nelson LLC was excellent and the courier was friendly and quick. Will order again!,2023-11-21
1400,1400,18,8,31,1,en,"Order was late and the courier never called when they couldn't find our building. order was barely warm. Had to track down the courier ourselves, no updates on the app.",2023-06-20
1401,1401,382,25,100,2,en,Disappointed with Hill-Mckay - the Crème Brûlée arrived cold and the order took much longer than promised.,2024-12-22
1402,1402,443,42,49,3,en,Average experience. BBQ Burger was decent but a bit pricey for the portion size.,2023-11-28
1403,1403,6,8,15,1,en,Bell-Jimenez used to be reliable but the last few orders have been late and the order portion has shrunk.,2022-05-17
1404,1404,12,38,74,3,en,"The Calzone from Nelson LLC was fine, nothing special. Delivery was on time at least.",2023-06-10
1405,1405,93,25,62,2,en,Wrong items in the bag - we ordered Greek Salad and got something else entirely. Refund requested.,2024-02-12
1406,1406,65,7,42,3,en,"Castaneda, Day and Weaver got the order right this time, Double Beef Burger was okay, packaging could be better.",2024-02-25
1407,1407,208,45,3,5,en,"Five stars. Tran Group nailed the Crème Brûlée again, still hot and packed carefully. Delivery driver even called ahead, nice touch.",2023-09-03
1408,1408,251,5,67,3,en,"The Diavola from Wallace, Ortiz and Murray was fine, nothing special. Delivery was on time at least.",2023-08-15
1409,1409,495,43,16,1,en,Order was late and the courier never called when they couldn't find our building. Falafel Bowl was barely warm.,2024-08-04
1410,1410,285,29,41,5,en,"Five stars. Cooper, Ross and Perkins nailed the Ravioli Ricotta e Spinaci again, still hot and packed carefully.",2022-02-14
1411,1411,83,6,72,4,en,"The Caprese Salad from Neal, Gomez and Watkins was excellent and the courier was friendly and quick. Will order again! Delivery driver even called ahead, nice touch.",2024-07-24
1412,1412,64,33,39,1,en,Order was late and the courier never called when they couldn't find our building. Double Beef Burger was barely warm.,2024-11-26
1413,1413,484,43,1,3,en,Average experience. Falafel Bowl was decent but a bit pricey for the portion size.,2022-11-29
1414,1414,338,35,57,4,en,"Best Cobb Salad in the area, hands down. Ross Group never disappoints.",2023-09-28
1415,1415,467,23,78,3,en,Average experience. Tiramisu was decent but a bit pricey for the portion size.,2023-07-15
1416,1416,420,3,31,3,en,Average experience. Ravioli Ricotta e Spinaci was decent but a bit pricey for the portion size.,2022-07-26
1417,1417,491,9,78,4,en,"Best Diavola in the area, hands down. Lowe, Ewing and Short never disappoints.",2022-08-26
1418,1418,66,47,80,1,en,Order was late and the courier never called when they couldn't find our building. Cobb Salad was barely warm. Courier was rude when we asked about the delay.,2022-03-25
1419,1419,196,42,21,4,en,"Five stars. Olson-Estrada nailed the Diavola again, still hot and packed carefully.",2023-05-15
1420,1420,218,45,19,4,en,Fast delivery and the Double Beef Burger arrived perfectly hot. Great job Tran Group!,2022-08-15
1421,1421,357,42,25,2,en,Disappointed with Olson-Estrada - the Dish arrived cold and the order took much longer than promised.,2023-02-15
1422,1422,84,27,20,2,en,Order was late and the courier never called when they couldn't find our building. Grilled Vegetable Skewers was barely warm.,2024-12-23
1423,1423,14,39,32,5,en,"Five stars. Meyer-Carrillo nailed the Cobb Salad again, still hot and packed carefully. Delivery driver even called ahead, nice touch.",2022-10-27
1424,1424,351,36,53,2,en,Disappointed with Sanders LLC - the Falafel Bowl arrived cold and the order took much longer than promised.,2022-12-29
1425,1425,466,22,100,3,en,"The Spaghetti Carbonara from Sanders, Smith and Smith was fine, nothing special. Delivery was on time at least.",2022-06-11
1426,1426,6,7,49,4,en,"Fast delivery and the Diavola arrived perfectly hot. Great job Castaneda, Day and Weaver!",2023-02-21
1427,1427,90,34,94,2,en,The Vegan Buddha Bowl from Houston Inc was soggy by the time it got to us. Not ordering from here again.,2023-10-08
1428,1428,271,23,90,1,en,"Disappointed with Ellis, Parks and Jimenez - the Dish arrived cold and the order took much longer than promised.",2024-08-06
1429,1429,312,7,7,4,en,"Best Dish in the area, hands down. Castaneda, Day and Weaver never disappoints.",2022-12-16
1430,1430,177,48,87,1,en,"Wrong items in the bag - we ordered Dish and got something else entirely. Refund requested. Had to track down the courier ourselves, no updates on the app.",2023-08-28
1431,1431,304,9,34,4,en,Really happy with this order - Cheesecake was fresh and the courier kept us updated the whole way.,2024-01-23
1432,1432,65,10,49,2,en,Miles Group used to be reliable but the last few orders have been late and the Grilled Vegetable Skewers portion has shrunk.,2024-03-17
1433,1433,328,24,91,1,en,"Bell, Williamson and Duncan used to be reliable but the last few orders have been late and the Diavola portion has shrunk. Courier was rude when we asked about the delay.",2024-01-14
1434,1434,235,12,57,5,en,"Best Dish in the area, hands down. Cruz, Jackson and Kane never disappoints.",2024-05-25
1435,1435,142,28,67,3,en,"The Crème Brûlée from Combs-Stone was fine, nothing special. Delivery was on time at least.",2024-08-27
1436,1436,326,6,40,4,en,"Best Crème Brûlée in the area, hands down. Neal, Gomez and Watkins never disappoints.",2024-04-27
1437,1437,41,5,94,2,en,"Disappointed with Wallace, Ortiz and Murray - the Dish arrived cold and the order took much longer than promised.",2024-11-01
1438,1438,30,6,96,3,en,"Delivery took about as long as the app estimated. Tiramisu tasted fine, would order again if nothing closer is open.",2023-09-03
1439,1439,493,28,87,2,en,Combs-Stone used to be reliable but the last few orders have been late and the Crème Brûlée portion has shrunk.,2024-10-19
1440,1440,255,33,88,1,en,Wrong items in the bag - we ordered Double Beef Burger and got something else entirely. Refund requested.,2024-09-03
1441,1441,8,40,25,1,en,Hawkins PLC used to be reliable but the last few orders have been late and the Falafel Bowl portion has shrunk. Courier was rude when we asked about the delay.,2024-02-25
1442,1442,177,16,95,4,en,"Best Dish in the area, hands down. Nelson, Graham and Fields never disappoints.",2024-11-08
1443,1443,312,3,78,4,en,"Five stars. Garcia, Pena and Adams nailed the Ravioli Ricotta e Spinaci again, still hot and packed carefully.",2024-11-23
1444,1444,90,5,47,1,en,"The Greek Salad from Wallace, Ortiz and Murray was soggy by the time it got to us. Not ordering from here again.",2023-07-19
1445,1445,254,25,22,3,en,"Hill-Mckay got the order right this time, Caesar Salad was okay, packaging could be better.",2024-12-01
1446,1446,128,35,99,1,en,Ross Group used to be reliable but the last few orders have been late and the Dish portion has shrunk.,2022-11-15
1447,1447,136,14,1,3,en,Average experience. order was decent but a bit pricey for the portion size.,2023-09-16
1448,1448,476,42,66,2,en,The BBQ Burger from Olson-Estrada was soggy by the time it got to us. Not ordering from here again.,2024-10-25
1449,1449,183,1,79,1,en,Order was late and the courier never called when they couldn't find our building. Penne Arrabbiata was barely warm.,2022-12-28
1450,1450,3,23,93,3,en,"Delivery took about as long as the app estimated. Tiramisu tasted fine, would order again if nothing closer is open.",2023-03-19
1451,1451,221,32,26,5,en,"Best Dish in the area, hands down. Jackson, Bowman and Drake never disappoints. Courier was polite and on time.",2023-08-04
1452,1452,64,32,1,5,en,"The Classic Cheeseburger from Jackson, Bowman and Drake was excellent and the courier was friendly and quick. Will order again!",2024-04-23
1453,1453,241,26,48,4,en,"Best Fettuccine Alfredo in the area, hands down. Lang PLC never disappoints. Courier was polite and on time.",2023-02-05
1454,1454,416,18,14,5,en,"Best Cobb Salad in the area, hands down. Hensley, Johnson and Adams never disappoints. Delivery driver even called ahead, nice touch.",2023-12-24
1455,1455,72,23,96,3,en,"Ellis, Parks and Jimenez got the order right this time, Bacon Burger was okay, packaging could be better.",2022-01-09
1456,1456,98,19,6,4,en,"Best BBQ Burger in the area, hands down. Thomas-Williamson never disappoints.",2023-03-10
1457,1457,83,43,26,5,en,"Fast delivery and the Falafel Bowl arrived perfectly hot. Great job Arnold, Montgomery and Doyle!",2024-11-17
1458,1458,216,32,71,4,en,"The Dish from Jackson, Bowman and Drake was excellent and the courier was friendly and quick. Will order again!",2024-05-27
1459,1459,385,49,100,4,en,"Fast delivery and the Chocolate Brownie arrived perfectly hot. Great job Myers, Shelton and Garcia!",2023-07-06
1460,1460,57,7,3,1,en,Order was late and the courier never called when they couldn't find our building. Double Beef Burger was barely warm.,2022-06-23
1461,1461,393,44,31,3,en,"Delivery took about as long as the app estimated. Quattro Formaggi tasted fine, would order again if nothing closer is open.",2024-01-15
1462,1462,500,39,95,2,en,"Order was late and the courier never called when they couldn't find our building. Cobb Salad was barely warm. Had to track down the courier ourselves, no updates on the app.",2023-04-22
1463,1463,249,6,98,2,en,"Disappointed with Neal, Gomez and Watkins - the Caprese Salad arrived cold and the order took much longer than promised. Had to track down the courier ourselves, no updates on the app.",2022-09-30
1464,1464,262,12,32,4,en,"Five stars. Cruz, Jackson and Kane nailed the Dish again, still hot and packed carefully.",2024-04-21
1465,1465,127,43,55,1,en,"Order was late and the courier never called when they couldn't find our building. Dish was barely warm. Had to track down the courier ourselves, no updates on the app.",2023-06-05
1466,1466,374,33,79,5,en,Really happy with this order - Prosciutto e Funghi was fresh and the courier kept us updated the whole way. Courier was polite and on time.,2022-07-26
1467,1467,62,9,52,1,en,Order was late and the courier never called when they couldn't find our building. Diavola was barely warm.,2022-10-28
1468,1468,219,2,79,5,en,"Fast delivery and the Tagliatelle al Ragù arrived perfectly hot. Great job Jackson, Walters and Michael!",2022-04-10
1469,1469,209,34,40,1,en,The Prosciutto e Funghi from Houston Inc was soggy by the time it got to us. Not ordering from here again.,2023-11-27
1470,1470,173,28,62,1,en,Order was late and the courier never called when they couldn't find our building. Pepperoni was barely warm.,2023-07-16
1471,1471,57,18,47,1,en,"Disappointed with Hensley, Johnson and Adams - the Cobb Salad arrived cold and the order took much longer than promised. Courier was rude when we asked about the delay.",2024-10-31
1472,1472,164,4,24,1,en,Howell Group used to be reliable but the last few orders have been late and the Diavola portion has shrunk.,2022-01-03
1473,1473,147,31,36,3,en,"Delivery took about as long as the app estimated. Dish tasted fine, would order again if nothing closer is open.",2022-04-22
1474,1474,486,32,47,4,en,Really happy with this order - Classic Cheeseburger was fresh and the courier kept us updated the whole way.,2022-12-02
1475,1475,7,44,71,1,en,"Order was late and the courier never called when they couldn't find our building. Fettuccine Alfredo was barely warm. Had to track down the courier ourselves, no updates on the app.",2022-12-31
1476,1476,399,38,68,1,en,Nelson LLC used to be reliable but the last few orders have been late and the Dish portion has shrunk.,2023-02-13
1477,1477,300,25,12,2,en,Wrong items in the bag - we ordered Caprese Salad and got something else entirely. Refund requested.,2022-05-24
1478,1478,301,42,25,5,en,Really happy with this order - Dish was fresh and the courier kept us updated the whole way.,2024-02-14
1479,1479,483,35,80,2,en,Ross Group used to be reliable but the last few orders have been late and the Dish portion has shrunk.,2022-11-29
1480,1480,274,47,20,4,en,"Best Cobb Salad in the area, hands down. Herman-Williams never disappoints.",2022-05-24
1481,1481,365,17,98,5,en,"Fast delivery and the Dish arrived perfectly hot. Great job Rojas-Tanner! Delivery driver even called ahead, nice touch.",2024-12-04
1482,1482,323,46,16,5,en,The Cobb Salad from Smith Group was excellent and the courier was friendly and quick. Will order again!,2022-03-19
1483,1483,477,33,3,5,en,"Fast delivery and the Double Beef Burger arrived perfectly hot. Great job Murphy and Sons! Delivery driver even called ahead, nice touch.",2023-10-22
1484,1484,24,37,8,5,en,"The Dish from Guzman, Brown and Larsen was excellent and the courier was friendly and quick. Will order again!",2022-07-30
1485,1485,351,35,66,1,en,Ross Group used to be reliable but the last few orders have been late and the Caprese Salad portion has shrunk. Courier was rude when we asked about the delay.,2022-07-03
1486,1486,288,50,50,5,en,Really happy with this order - Caesar Salad was fresh and the courier kept us updated the whole way.,2023-10-28
1487,1487,2,11,74,5,en,Really happy with this order - Dish was fresh and the courier kept us updated the whole way.,2023-10-14
1488,1488,234,33,91,2,en,Wrong items in the bag - we ordered Prosciutto e Funghi and got something else entirely. Refund requested.,2022-10-13
1489,1489,363,18,71,1,en,Order was late and the courier never called when they couldn't find our building. Penne Arrabbiata was barely warm. Courier was rude when we asked about the delay.,2022-07-08
1490,1490,122,19,6,3,en,Average experience. Grilled Vegetable Skewers was decent but a bit pricey for the portion size.,2022-06-14
1491,1491,139,4,83,4,en,"Best Diavola in the area, hands down. Howell Group never disappoints.",2024-12-22
1492,1492,60,1,84,1,en,Order was late and the courier never called when they couldn't find our building. Dish was barely warm.,2023-11-25
1493,1493,43,46,71,4,en,"Five stars. Smith Group nailed the Cobb Salad again, still hot and packed carefully.",2024-03-03
1494,1494,151,21,8,2,en,The Quattro Formaggi from Duran PLC was soggy by the time it got to us. Not ordering from here again.,2024-06-15
1495,1495,375,18,23,5,en,"Best Penne Arrabbiata in the area, hands down. Hensley, Johnson and Adams never disappoints. Courier was polite and on time.",2024-12-02
1496,1496,445,50,100,5,en,"Best Dish in the area, hands down. Kelly, Harris and Pruitt never disappoints. Delivery driver even called ahead, nice touch.",2022-04-30
1497,1497,132,41,82,1,en,"Peters, Golden and Ballard used to be reliable but the last few orders have been late and the Dish portion has shrunk.",2023-08-27
1498,1498,167,18,27,4,en,Really happy with this order - Penne Arrabbiata was fresh and the courier kept us updated the whole way.,2023-11-23
1499,1499,229,15,94,5,en,The Margherita from Cooper and Sons was excellent and the courier was friendly and quick. Will order again! Courier was polite and on time.,2023-02-12
1500,1500,254,12,59,4,en,Really happy with this order - Ravioli Ricotta e Spinaci was fresh and the courier kept us updated the whole way.,2024-06-15
1501,1501,292,32,94,5,en,"Best Dish in the area, hands down. Jackson, Bowman and Drake never disappoints.",2023-12-13
1502,1502,84,12,51,3,en,"Delivery took about as long as the app estimated. Ravioli Ricotta e Spinaci tasted fine, would order again if nothing closer is open.",2023-11-01
1503,1503,37,28,32,1,en,Wrong items in the bag - we ordered Crème Brûlée and got something else entirely. Refund requested.,2024-09-23
1504,1504,371,34,18,5,en,The Prosciutto e Funghi from Houston Inc was excellent and the courier was friendly and quick. Will order again!,2023-10-25
1505,1505,11,8,2,3,en,"Bell-Jimenez got the order right this time, order was okay, packaging could be better.",2024-10-21
1506,1506,395,6,35,4,en,"Best Tiramisu in the area, hands down. Neal, Gomez and Watkins never disappoints.",2024-10-28
1507,1507,491,7,70,5,en,"Fast delivery and the Double Beef Burger arrived perfectly hot. Great job Castaneda, Day and Weaver!",2024-07-25
1508,1508,72,31,98,1,en,"Johnson, Roberts and Smith used to be reliable but the last few orders have been late and the Dish portion has shrunk. Courier was rude when we asked about the delay.",2024-09-06
1509,1509,170,31,20,3,en,"Johnson, Roberts and Smith got the order right this time, Napolitana was okay, packaging could be better.",2022-03-06
1510,1510,279,8,3,1,en,"Wrong items in the bag - we ordered order and got something else entirely. Refund requested. Had to track down the courier ourselves, no updates on the app.",2022-04-23
1511,1511,262,27,19,5,en,The Grilled Vegetable Skewers from Rodriguez-Murray was excellent and the courier was friendly and quick. Will order again!,2024-09-28
1512,1512,219,25,19,4,en,"Best Tagliatelle al Ragù in the area, hands down. Hill-Mckay never disappoints. Courier was polite and on time.",2023-12-21
1513,1513,197,44,92,3,en,"Delivery took about as long as the app estimated. Ravioli Ricotta e Spinaci tasted fine, would order again if nothing closer is open.",2023-06-24
1514,1514,53,19,46,4,en,"The Lentil Soup from Thomas-Williamson was excellent and the courier was friendly and quick. Will order again! Delivery driver even called ahead, nice touch.",2023-11-08
1515,1515,473,6,6,5,en,"The Crème Brûlée from Neal, Gomez and Watkins was excellent and the courier was friendly and quick. Will order again! Courier was polite and on time.",2022-06-18
1516,1516,172,39,24,5,en,"Best Cobb Salad in the area, hands down. Meyer-Carrillo never disappoints.",2023-04-13
1517,1517,419,19,45,2,en,Wrong items in the bag - we ordered Nicoise Salad and got something else entirely. Refund requested.,2022-10-25
1518,1518,189,17,92,4,en,Really happy with this order - Spaghetti Carbonara was fresh and the courier kept us updated the whole way.,2024-05-14
1519,1519,76,21,19,4,en,The Vegan Chili from Duran PLC was excellent and the courier was friendly and quick. Will order again! Courier was polite and on time.,2023-05-07
1520,1520,58,37,55,2,en,"Wrong items in the bag - we ordered Cobb Salad and got something else entirely. Refund requested. Had to track down the courier ourselves, no updates on the app.",2022-06-09
1521,1521,94,50,50,5,en,"Best Caesar Salad in the area, hands down. Kelly, Harris and Pruitt never disappoints. Courier was polite and on time.",2022-12-20
1522,1522,356,27,78,1,en,Wrong items in the bag - we ordered Grilled Vegetable Skewers and got something else entirely. Refund requested.,2023-01-02
1523,1523,215,36,64,1,en,Sanders LLC used to be reliable but the last few orders have been late and the Falafel Bowl portion has shrunk.,2023-08-12
1524,1524,421,15,50,4,en,Really happy with this order - Margherita was fresh and the courier kept us updated the whole way. Courier was polite and on time.,2023-10-01
1525,1525,296,50,89,2,en,Order was late and the courier never called when they couldn't find our building. Caesar Salad was barely warm.,2024-02-12
1526,1526,2,14,3,4,en,Fast delivery and the order arrived perfectly hot. Great job Jensen-Watkins!,2023-09-06
1527,1527,31,23,47,2,en,"The Dish from Ellis, Parks and Jimenez was soggy by the time it got to us. Not ordering from here again. Had to track down the courier ourselves, no updates on the app.",2022-11-23
1528,1528,498,27,32,1,en,The Grilled Vegetable Skewers from Rodriguez-Murray was soggy by the time it got to us. Not ordering from here again.,2024-06-26
1529,1529,71,8,90,5,en,Fast delivery and the order arrived perfectly hot. Great job Bell-Jimenez!,2022-06-06
1530,1530,495,28,48,1,en,"The Crème Brûlée from Combs-Stone was soggy by the time it got to us. Not ordering from here again. Had to track down the courier ourselves, no updates on the app.",2024-02-08
1531,1531,429,39,21,3,en,"Delivery took about as long as the app estimated. Cobb Salad tasted fine, would order again if nothing closer is open.",2022-06-14
1532,1532,126,5,2,4,en,"Five stars. Wallace, Ortiz and Murray nailed the Greek Salad again, still hot and packed carefully.",2024-06-29
1533,1533,392,12,61,2,en,"Cruz, Jackson and Kane used to be reliable but the last few orders have been late and the Ravioli Ricotta e Spinaci portion has shrunk.",2024-04-01
1534,1534,211,47,44,2,en,Wrong items in the bag - we ordered Caesar Salad and got something else entirely. Refund requested. Courier was rude when we asked about the delay.,2024-05-06
1535,1535,57,10,8,4,en,"Five stars. Miles Group nailed the Fettuccine Alfredo again, still hot and packed carefully. Delivery driver even called ahead, nice touch.",2022-02-08
1536,1536,83,1,51,2,en,Wrong items in the bag - we ordered Penne Arrabbiata and got something else entirely. Refund requested.,2024-01-19
1537,1537,365,17,74,3,en,"The Classic Cheeseburger from Rojas-Tanner was fine, nothing special. Delivery was on time at least.",2022-12-04
1538,1538,477,11,35,4,en,The Tofu Stir-Fry from Dominguez-Short was excellent and the courier was friendly and quick. Will order again!,2023-07-29
1539,1539,109,26,80,3,en,"Delivery took about as long as the app estimated. Fettuccine Alfredo tasted fine, would order again if nothing closer is open.",2022-08-28
1540,1540,500,36,78,1,en,Sanders LLC used to be reliable but the last few orders have been late and the Falafel Bowl portion has shrunk.,2024-06-17
1541,1541,161,42,83,4,en,Fast delivery and the Dish arrived perfectly hot. Great job Olson-Estrada!,2024-06-26
1542,1542,412,24,83,5,en,"Five stars. Bell, Williamson and Duncan nailed the Waldorf Salad again, still hot and packed carefully.",2022-08-03
1543,1543,40,24,78,2,en,"Disappointed with Bell, Williamson and Duncan - the Diavola arrived cold and the order took much longer than promised.",2022-02-03
1544,1544,278,7,9,1,en,"Disappointed with Castaneda, Day and Weaver - the Tiramisu arrived cold and the order took much longer than promised.",2023-10-17
1545,1545,283,13,82,5,en,"Best Chocolate Brownie in the area, hands down. Gallegos, Taylor and West never disappoints. Delivery driver even called ahead, nice touch.",2022-09-22
1546,1546,290,3,73,2,en,"Disappointed with Garcia, Pena and Adams - the Falafel Bowl arrived cold and the order took much longer than promised.",2022-02-21
1547,1547,484,20,2,1,en,Disappointed with Garza-Shea - the Chocolate Brownie arrived cold and the order took much longer than promised.,2024-04-03
1548,1548,100,21,97,4,en,"Best Vegan Chili in the area, hands down. Duran PLC never disappoints.",2024-03-06
1549,1549,346,7,43,5,en,"Fast delivery and the Spaghetti Carbonara arrived perfectly hot. Great job Castaneda, Day and Weaver!",2024-09-10
1550,1550,258,50,20,4,en,"The Dish from Kelly, Harris and Pruitt was excellent and the courier was friendly and quick. Will order again! Courier was polite and on time.",2023-10-09
1551,1551,301,3,38,5,en,"Five stars. Garcia, Pena and Adams nailed the Ravioli Ricotta e Spinaci again, still hot and packed carefully.",2022-06-17
1552,1552,454,41,12,5,en,"The Caprese Salad from Peters, Golden and Ballard was excellent and the courier was friendly and quick. Will order again!",2022-09-11
1553,1553,335,10,99,5,en,The Prosciutto e Funghi from Miles Group was excellent and the courier was friendly and quick. Will order again!,2022-06-26
1554,1554,374,39,84,5,en,"Really happy with this order - Veggie Burger was fresh and the courier kept us updated the whole way. Delivery driver even called ahead, nice touch.",2024-10-18
1555,1555,403,9,44,3,en,Average experience. Diavola was decent but a bit pricey for the portion size.,2023-02-02
1556,1556,457,46,100,1,en,Disappointed with Smith Group - the Classic Cheeseburger arrived cold and the order took much longer than promised. Courier was rude when we asked about the delay.,2023-03-03
1557,1557,311,5,20,3,en,Average experience. Diavola was decent but a bit pricey for the portion size.,2023-11-20
1558,1558,413,1,19,3,en,"Williams, Campos and Cummings got the order right this time, Lasagna was okay, packaging could be better.",2023-08-23
1559,1559,49,30,41,3,en,Average experience. Dish was decent but a bit pricey for the portion size.,2024-10-23
1560,1560,144,37,47,5,en,"Five stars. Guzman, Brown and Larsen nailed the Dish again, still hot and packed carefully.",2022-04-10
1561,1561,396,30,34,5,en,Really happy with this order - Dish was fresh and the courier kept us updated the whole way.,2024-12-08
1562,1562,474,9,16,2,en,Wrong items in the bag - we ordered Diavola and got something else entirely. Refund requested.,2023-06-23
1563,1563,206,27,80,4,en,Really happy with this order - Grilled Vegetable Skewers was fresh and the courier kept us updated the whole way.,2022-05-23
1564,1564,433,40,41,4,en,"Five stars. Hawkins PLC nailed the Ravioli Ricotta e Spinaci again, still hot and packed carefully.",2022-04-05
1565,1565,231,17,88,1,en,"Order was late and the courier never called when they couldn't find our building. Spaghetti Carbonara was barely warm. Had to track down the courier ourselves, no updates on the app.",2023-11-15
1566,1566,405,16,90,3,en,"Nelson, Graham and Fields got the order right this time, Lasagna was okay, packaging could be better.",2022-01-09
1567,1567,193,11,73,4,en,Really happy with this order - Veggie Burger was fresh and the courier kept us updated the whole way.,2024-07-25
1568,1568,448,30,86,4,en,Really happy with this order - Waldorf Salad was fresh and the courier kept us updated the whole way.,2023-01-18
1569,1569,274,30,14,3,en,"The Dish from Rodriguez, James and Frank was fine, nothing special. Delivery was on time at least.",2022-07-17
1570,1570,394,28,26,5,en,The Pepperoni from Combs-Stone was excellent and the courier was friendly and quick. Will order again!,2022-12-28
1571,1571,310,32,28,1,en,"Disappointed with Jackson, Bowman and Drake - the Dish arrived cold and the order took much longer than promised. Had to track down the courier ourselves, no updates on the app.",2024-03-26
1572,1572,233,3,70,4,en,"The Fettuccine Alfredo from Garcia, Pena and Adams was excellent and the courier was friendly and quick. Will order again! Courier was polite and on time.",2024-11-05
1573,1573,110,21,73,4,en,Really happy with this order - Crème Brûlée was fresh and the courier kept us updated the whole way.,2024-12-21
1574,1574,480,24,56,5,en,"The Diavola from Bell, Williamson and Duncan was excellent and the courier was friendly and quick. Will order again! Courier was polite and on time.",2022-08-25
1575,1575,488,49,88,5,en,"Five stars. Myers, Shelton and Garcia nailed the Greek Salad again, still hot and packed carefully. Delivery driver even called ahead, nice touch.",2022-10-25
1576,1576,73,5,36,4,en,"The Dish from Wallace, Ortiz and Murray was excellent and the courier was friendly and quick. Will order again!",2022-04-01
1577,1577,269,14,86,4,en,The order from Jensen-Watkins was excellent and the courier was friendly and quick. Will order again!,2022-07-24
1578,1578,459,28,44,3,en,"Combs-Stone got the order right this time, Tagliatelle al Ragù was okay, packaging could be better.",2022-07-01
1579,1579,247,31,69,1,en,"Disappointed with Johnson, Roberts and Smith - the Dish arrived cold and the order took much longer than promised. Had to track down the courier ourselves, no updates on the app.",2024-05-09
1580,1580,468,45,74,5,en,"Five stars. Tran Group nailed the Crème Brûlée again, still hot and packed carefully.",2024-06-22
1581,1581,371,43,75,3,en,Average experience. Dish was decent but a bit pricey for the portion size.,2022-06-08
1582,1582,78,30,19,4,en,Really happy with this order - Dish was fresh and the courier kept us updated the whole way.,2024-08-06
1583,1583,209,17,67,1,en,"Rojas-Tanner used to be reliable but the last few orders have been late and the Spaghetti Carbonara portion has shrunk. Had to track down the courier ourselves, no updates on the app.",2024-12-21
1584,1584,231,41,75,1,en,"The Tofu Stir-Fry from Peters, Golden and Ballard was soggy by the time it got to us. Not ordering from here again. Courier was rude when we asked about the delay.",2022-02-11
1585,1585,357,35,100,4,en,"Best Caprese Salad in the area, hands down. Ross Group never disappoints.",2023-10-22
1586,1586,108,13,87,3,en,"Delivery took about as long as the app estimated. Dish tasted fine, would order again if nothing closer is open.",2024-11-12
1587,1587,9,20,40,3,en,"Delivery took about as long as the app estimated. Dish tasted fine, would order again if nothing closer is open.",2024-06-19
1588,1588,256,42,59,4,en,Fast delivery and the Dish arrived perfectly hot. Great job Olson-Estrada!,2023-03-29
1589,1589,219,34,98,1,en,"Wrong items in the bag - we ordered Vegan Buddha Bowl and got something else entirely. Refund requested. Had to track down the courier ourselves, no updates on the app.",2022-05-08
1590,1590,220,24,23,3,en,"Bell, Williamson and Duncan got the order right this time, Waldorf Salad was okay, packaging could be better.",2023-10-16
1591,1591,196,19,85,5,en,"The BBQ Burger from Thomas-Williamson was excellent and the courier was friendly and quick. Will order again! Delivery driver even called ahead, nice touch.",2024-01-18
1592,1592,318,7,12,3,en,"Castaneda, Day and Weaver got the order right this time, Double Beef Burger was okay, packaging could be better.",2022-04-12
1593,1593,478,27,14,4,en,"Five stars. Rodriguez-Murray nailed the Grilled Vegetable Skewers again, still hot and packed carefully.",2024-04-05
1594,1594,325,29,65,2,en,"The Ravioli Ricotta e Spinaci from Cooper, Ross and Perkins was soggy by the time it got to us. Not ordering from here again.",2024-06-02
1595,1595,109,15,100,3,en,"Cooper and Sons got the order right this time, Bacon Burger was okay, packaging could be better.",2023-08-31
1596,1596,439,31,16,2,en,Wrong items in the bag - we ordered Dish and got something else entirely. Refund requested.,2024-11-28
1597,1597,465,42,91,1,en,Wrong items in the bag - we ordered Diavola and got something else entirely. Refund requested.,2022-01-09
1598,1598,260,19,35,5,en,"Five stars. Thomas-Williamson nailed the Grilled Vegetable Skewers again, still hot and packed carefully.",2022-10-17
1599,1599,124,1,54,1,en,"Williams, Campos and Cummings used to be reliable but the last few orders have been late and the Lasagna portion has shrunk. Had to track down the courier ourselves, no updates on the app.",2022-01-20
1600,1600,431,34,95,4,en,Really happy with this order - Prosciutto e Funghi was fresh and the courier kept us updated the whole way.,2022-12-16
1601,1601,221,16,72,2,en,Wrong items in the bag - we ordered Lasagna and got something else entirely. Refund requested.,2022-08-01
1602,1602,411,37,55,5,en,"Fast delivery and the Dish arrived perfectly hot. Great job Guzman, Brown and Larsen! Delivery driver even called ahead, nice touch.",2024-10-26
1603,1603,89,26,41,2,en,Order was late and the courier never called when they couldn't find our building. Dish was barely warm.,2022-06-24
1604,1604,364,9,65,1,en,"The Cheesecake from Lowe, Ewing and Short was soggy by the time it got to us. Not ordering from here again.",2023-11-25
1605,1605,470,17,71,1,en,Disappointed with Rojas-Tanner - the Classic Cheeseburger arrived cold and the order took much longer than promised.,2024-11-08
1606,1606,48,2,56,2,en,"Jackson, Walters and Michael used to be reliable but the last few orders have been late and the Dish portion has shrunk.",2023-11-21
1607,1607,317,46,70,3,en,Average experience. Pepperoni was decent but a bit pricey for the portion size.,2023-09-22
1608,1608,376,9,59,5,en,"Fast delivery and the Diavola arrived perfectly hot. Great job Lowe, Ewing and Short! Delivery driver even called ahead, nice touch.",2023-11-27
1609,1609,123,42,29,3,en,"Delivery took about as long as the app estimated. Dish tasted fine, would order again if nothing closer is open.",2022-08-01
1610,1610,400,25,99,4,en,Really happy with this order - Caprese Salad was fresh and the courier kept us updated the whole way.,2023-12-26
1611,1611,479,10,81,3,en,"Miles Group got the order right this time, Dish was okay, packaging could be better.",2023-12-02
1612,1612,236,39,16,2,en,Order was late and the courier never called when they couldn't find our building. Veggie Burger was barely warm. Courier was rude when we asked about the delay.,2022-06-08
1613,1613,48,5,64,2,en,"Disappointed with Wallace, Ortiz and Murray - the Dish arrived cold and the order took much longer than promised. Had to track down the courier ourselves, no updates on the app.",2024-09-30
1614,1614,52,32,3,4,en,"Fast delivery and the Lasagna arrived perfectly hot. Great job Jackson, Bowman and Drake! Delivery driver even called ahead, nice touch.",2022-03-23
1615,1615,352,27,49,4,en,The Caprese Salad from Rodriguez-Murray was excellent and the courier was friendly and quick. Will order again!,2023-11-26
1616,1616,93,20,2,4,en,Really happy with this order - Chocolate Brownie was fresh and the courier kept us updated the whole way.,2023-12-26
1617,1617,500,22,45,2,en,"Disappointed with Sanders, Smith and Smith - the Tagliatelle al Ragù arrived cold and the order took much longer than promised.",2024-12-27
1618,1618,82,34,95,1,en,Wrong items in the bag - we ordered Prosciutto e Funghi and got something else entirely. Refund requested.,2024-10-12
1619,1619,16,35,3,2,en,"Disappointed with Ross Group - the Dish arrived cold and the order took much longer than promised. Had to track down the courier ourselves, no updates on the app.",2023-07-15
1620,1620,444,24,15,1,en,"Disappointed with Bell, Williamson and Duncan - the Diavola arrived cold and the order took much longer than promised.",2022-02-03
1621,1621,43,47,89,4,en,Fast delivery and the Caesar Salad arrived perfectly hot. Great job Herman-Williams!,2022-10-21
1622,1622,489,6,45,4,en,"Five stars. Neal, Gomez and Watkins nailed the Crème Brûlée again, still hot and packed carefully. Courier was polite and on time.",2023-08-28
1623,1623,382,32,56,5,en,"The Classic Cheeseburger from Jackson, Bowman and Drake was excellent and the courier was friendly and quick. Will order again!",2024-11-03
1624,1624,89,13,88,4,en,Really happy with this order - Dish was fresh and the courier kept us updated the whole way.,2022-11-07
1625,1625,299,50,76,1,en,Wrong items in the bag - we ordered Caesar Salad and got something else entirely. Refund requested.,2022-07-04
1626,1626,250,28,58,5,en,"Best Pepperoni in the area, hands down. Combs-Stone never disappoints.",2023-10-18
1627,1627,319,7,78,2,en,"The Panna Cotta from Castaneda, Day and Weaver was soggy by the time it got to us. Not ordering from here again.",2023-04-19
1628,1628,460,41,9,4,en,"Really happy with this order - Dish was fresh and the courier kept us updated the whole way. Delivery driver even called ahead, nice touch.",2022-07-05
1629,1629,130,38,53,1,en,Disappointed with Nelson LLC - the Greek Salad arrived cold and the order took much longer than promised.,2023-10-27
1630,1630,204,2,15,3,en,"The Tagliatelle al Ragù from Jackson, Walters and Michael was fine, nothing special. Delivery was on time at least.",2024-06-05
1631,1631,184,16,10,3,en,"Nelson, Graham and Fields got the order right this time, Dish was okay, packaging could be better.",2023-12-23
1632,1632,400,21,16,5,en,Fast delivery and the Quattro Formaggi arrived perfectly hot. Great job Duran PLC!,2022-12-19
1633,1633,169,14,60,4,en,Really happy with this order - order was fresh and the courier kept us updated the whole way.,2024-05-22
1634,1634,34,25,37,2,en,"Order was late and the courier never called when they couldn't find our building. Greek Salad was barely warm. Had to track down the courier ourselves, no updates on the app.",2022-08-21
1635,1635,288,18,92,1,en,"Wrong items in the bag - we ordered Penne Arrabbiata and got something else entirely. Refund requested. Had to track down the courier ourselves, no updates on the app.",2024-11-06
1636,1636,458,42,54,1,en,Order was late and the courier never called when they couldn't find our building. BBQ Burger was barely warm.,2024-04-11
1637,1637,102,13,7,2,en,"Disappointed with Gallegos, Taylor and West - the Chocolate Brownie arrived cold and the order took much longer than promised.",2023-07-03
1638,1638,62,8,58,3,en,Average experience. order was decent but a bit pricey for the portion size.,2023-10-23
1639,1639,296,2,37,1,en,"The Tagliatelle al Ragù from Jackson, Walters and Michael was soggy by the time it got to us. Not ordering from here again.",2023-12-07
1640,1640,146,9,52,2,en,"Lowe, Ewing and Short used to be reliable but the last few orders have been late and the Cheesecake portion has shrunk.",2024-09-11
1641,1641,173,42,3,3,en,"Delivery took about as long as the app estimated. Dish tasted fine, would order again if nothing closer is open.",2023-05-31
1642,1642,155,18,41,3,en,Average experience. Penne Arrabbiata was decent but a bit pricey for the portion size.,2023-03-16
1643,1643,314,4,51,3,en,Average experience. Diavola was decent but a bit pricey for the portion size.,2024-02-03
1644,1644,435,42,16,3,en,"Delivery took about as long as the app estimated. BBQ Burger tasted fine, would order again if nothing closer is open.",2024-10-24
1645,1645,115,4,2,1,en,Order was late and the courier never called when they couldn't find our building. Diavola was barely warm.,2022-04-28
1646,1646,371,28,29,1,en,Order was late and the courier never called when they couldn't find our building. Crème Brûlée was barely warm.,2022-04-07
1647,1647,3,45,7,3,en,"Delivery took about as long as the app estimated. Crème Brûlée tasted fine, would order again if nothing closer is open.",2024-08-26
1648,1648,25,20,10,3,en,Average experience. Dish was decent but a bit pricey for the portion size.,2022-12-27
1649,1649,358,11,18,5,en,"Best Veggie Burger in the area, hands down. Dominguez-Short never disappoints.",2023-05-23
1650,1650,442,10,97,1,en,Miles Group used to be reliable but the last few orders have been late and the Prosciutto e Funghi portion has shrunk.,2024-09-03
1651,1651,229,43,16,5,en,"The Dish from Arnold, Montgomery and Doyle was excellent and the courier was friendly and quick. Will order again! Delivery driver even called ahead, nice touch.",2023-08-02
1652,1652,251,18,42,1,en,"Disappointed with Hensley, Johnson and Adams - the Cobb Salad arrived cold and the order took much longer than promised.",2022-09-06
1653,1653,365,6,46,5,en,"Five stars. Neal, Gomez and Watkins nailed the Caprese Salad again, still hot and packed carefully.",2024-07-05
1654,1654,332,48,27,5,en,Fast delivery and the Lentil Soup arrived perfectly hot. Great job Williams LLC!,2022-03-27
1655,1655,109,1,86,5,en,"Five stars. Williams, Campos and Cummings nailed the Penne Arrabbiata again, still hot and packed carefully.",2023-05-30
1656,1656,250,7,44,2,en,Wrong items in the bag - we ordered Double Beef Burger and got something else entirely. Refund requested.,2024-06-13
1657,1657,440,21,98,5,en,Really happy with this order - Crème Brûlée was fresh and the courier kept us updated the whole way.,2024-02-17
1658,1658,55,9,29,4,en,"Fast delivery and the Diavola arrived perfectly hot. Great job Lowe, Ewing and Short! Delivery driver even called ahead, nice touch.",2023-03-01
1659,1659,263,13,100,4,en,"Best Diavola in the area, hands down. Gallegos, Taylor and West never disappoints.",2022-07-29
1660,1660,85,44,40,4,en,The Mushroom Swiss Burger from Whitaker-Paul was excellent and the courier was friendly and quick. Will order again!,2023-12-13
1661,1661,449,7,96,2,en,"Disappointed with Castaneda, Day and Weaver - the Diavola arrived cold and the order took much longer than promised.",2022-09-23
1662,1662,137,2,61,5,en,"Best Tagliatelle al Ragù in the area, hands down. Jackson, Walters and Michael never disappoints.",2023-08-08
1663,1663,61,36,11,5,en,"Fast delivery and the Falafel Bowl arrived perfectly hot. Great job Sanders LLC! Delivery driver even called ahead, nice touch.",2023-04-18
1664,1664,258,28,66,4,en,The Pepperoni from Combs-Stone was excellent and the courier was friendly and quick. Will order again!,2022-03-01
1665,1665,51,4,84,2,en,Disappointed with Howell Group - the Diavola arrived cold and the order took much longer than promised.,2024-03-14
1666,1666,151,13,52,3,en,"Delivery took about as long as the app estimated. Dish tasted fine, would order again if nothing closer is open.",2023-10-16
1667,1667,253,34,56,4,en,"Five stars. Houston Inc nailed the Vegan Buddha Bowl again, still hot and packed carefully.",2024-01-19
1668,1668,113,8,7,1,en,Wrong items in the bag - we ordered order and got something else entirely. Refund requested.,2023-09-25
1669,1669,273,7,36,4,en,"Fast delivery and the Double Beef Burger arrived perfectly hot. Great job Castaneda, Day and Weaver! Delivery driver even called ahead, nice touch.",2024-08-27
1670,1670,202,7,29,2,en,"The Diavola from Castaneda, Day and Weaver was soggy by the time it got to us. Not ordering from here again.",2022-10-25
1671,1671,403,14,45,1,en,Disappointed with Jensen-Watkins - the order arrived cold and the order took much longer than promised. Courier was rude when we asked about the delay.,2022-11-14
1672,1672,2,7,24,2,en,"The Double Beef Burger from Castaneda, Day and Weaver was soggy by the time it got to us. Not ordering from here again.",2024-09-24
1673,1673,157,45,31,3,en,"Tran Group got the order right this time, Cheesecake was okay, packaging could be better.",2022-12-13
1674,1674,96,22,59,2,en,"The Tagliatelle al Ragù from Sanders, Smith and Smith was soggy by the time it got to us. Not ordering from here again.",2024-11-21
1675,1675,172,2,23,5,en,"Best Tagliatelle al Ragù in the area, hands down. Jackson, Walters and Michael never disappoints.",2024-08-23
1676,1676,390,1,77,2,en,Wrong items in the bag - we ordered Dish and got something else entirely. Refund requested.,2024-12-01
1677,1677,448,16,61,1,en,"Disappointed with Nelson, Graham and Fields - the Quattro Formaggi arrived cold and the order took much longer than promised. Had to track down the courier ourselves, no updates on the app.",2022-02-20
1678,1678,349,19,30,1,en,Disappointed with Thomas-Williamson - the Vegan Chili arrived cold and the order took much longer than promised.,2023-07-08
1679,1679,52,20,95,1,en,Wrong items in the bag - we ordered BBQ Burger and got something else entirely. Refund requested.,2023-05-15
1680,1680,132,43,63,5,en,"Five stars. Arnold, Montgomery and Doyle nailed the Dish again, still hot and packed carefully. Delivery driver even called ahead, nice touch.",2023-02-07
1681,1681,155,46,43,1,en,Smith Group used to be reliable but the last few orders have been late and the Classic Cheeseburger portion has shrunk.,2024-05-01
1682,1682,139,44,67,3,en,"Delivery took about as long as the app estimated. Tiramisu tasted fine, would order again if nothing closer is open.",2022-01-26
1683,1683,338,10,46,2,en,Wrong items in the bag - we ordered Dish and got something else entirely. Refund requested.,2022-02-03
1684,1684,106,48,12,3,en,"The Dish from Williams LLC was fine, nothing special. Delivery was on time at least.",2024-10-06
1685,1685,56,18,81,2,en,"Hensley, Johnson and Adams used to be reliable but the last few orders have been late and the Penne Arrabbiata portion has shrunk. Had to track down the courier ourselves, no updates on the app.",2023-08-23
1686,1686,90,17,87,5,en,"Really happy with this order - Classic Cheeseburger was fresh and the courier kept us updated the whole way. Delivery driver even called ahead, nice touch.",2024-09-03
1687,1687,214,18,40,3,en,Average experience. Penne Arrabbiata was decent but a bit pricey for the portion size.,2022-02-15
1688,1688,176,40,16,5,en,"Five stars. Hawkins PLC nailed the Ravioli Ricotta e Spinaci again, still hot and packed carefully.",2024-05-22
1689,1689,57,1,64,2,en,"Disappointed with Williams, Campos and Cummings - the Lasagna arrived cold and the order took much longer than promised.",2022-06-14
1690,1690,495,19,80,1,en,Thomas-Williamson used to be reliable but the last few orders have been late and the Vegan Chili portion has shrunk.,2023-12-30
1691,1691,148,5,38,4,en,"Five stars. Wallace, Ortiz and Murray nailed the Dish again, still hot and packed carefully. Courier was polite and on time.",2023-05-13
1692,1692,423,38,16,3,en,"Delivery took about as long as the app estimated. Dish tasted fine, would order again if nothing closer is open.",2023-06-22
1693,1693,181,43,1,1,en,"Disappointed with Arnold, Montgomery and Doyle - the Falafel Bowl arrived cold and the order took much longer than promised. Courier was rude when we asked about the delay.",2022-10-04
1694,1694,403,33,86,4,en,Really happy with this order - Double Beef Burger was fresh and the courier kept us updated the whole way. Courier was polite and on time.,2022-06-19
1695,1695,139,10,94,5,en,Really happy with this order - Dish was fresh and the courier kept us updated the whole way. Courier was polite and on time.,2023-04-22
1696,1696,113,3,61,5,en,"Five stars. Garcia, Pena and Adams nailed the Cobb Salad again, still hot and packed carefully. Courier was polite and on time.",2022-10-02
1697,1697,205,7,34,4,en,Really happy with this order - Diavola was fresh and the courier kept us updated the whole way.,2023-10-20
1698,1698,224,44,42,3,en,"Whitaker-Paul got the order right this time, Tagliatelle al Ragù was okay, packaging could be better.",2022-06-03
1699,1699,70,27,71,3,en,"The Grilled Vegetable Skewers from Rodriguez-Murray was fine, nothing special. Delivery was on time at least.",2022-11-27
1700,1700,291,41,60,4,en,"The Dish from Peters, Golden and Ballard was excellent and the courier was friendly and quick. Will order again! Courier was polite and on time.",2022-07-22
1701,1701,71,34,57,4,en,Really happy with this order - Vegan Buddha Bowl was fresh and the courier kept us updated the whole way.,2022-12-11
1702,1702,182,28,60,2,en,Combs-Stone used to be reliable but the last few orders have been late and the Tagliatelle al Ragù portion has shrunk.,2024-11-21
1703,1703,468,36,4,5,en,Fast delivery and the Falafel Bowl arrived perfectly hot. Great job Sanders LLC!,2022-04-08
1704,1704,465,20,32,5,en,"Fast delivery and the Chocolate Brownie arrived perfectly hot. Great job Garza-Shea! Delivery driver even called ahead, nice touch.",2023-07-19
1705,1705,279,37,38,4,en,"Really happy with this order - Dish was fresh and the courier kept us updated the whole way. Delivery driver even called ahead, nice touch.",2024-04-08
1706,1706,207,43,1,2,en,"Arnold, Montgomery and Doyle used to be reliable but the last few orders have been late and the Ravioli Ricotta e Spinaci portion has shrunk.",2024-06-05
1707,1707,430,4,11,3,en,Average experience. Quattro Formaggi was decent but a bit pricey for the portion size.,2022-10-26
1708,1708,305,7,38,1,en,Wrong items in the bag - we ordered Double Beef Burger and got something else entirely. Refund requested. Courier was rude when we asked about the delay.,2023-06-12
1709,1709,63,48,75,5,en,"Five stars. Williams LLC nailed the Lentil Soup again, still hot and packed carefully.",2023-07-17
1710,1710,105,34,19,5,en,"Best Vegan Buddha Bowl in the area, hands down. Houston Inc never disappoints.",2024-03-24
1711,1711,115,44,82,4,en,"Best Tagliatelle al Ragù in the area, hands down. Whitaker-Paul never disappoints. Courier was polite and on time.",2022-11-28
1712,1712,480,1,63,2,en,"Disappointed with Williams, Campos and Cummings - the Dish arrived cold and the order took much longer than promised.",2024-01-25
1713,1713,1,10,78,2,en,Disappointed with Miles Group - the Fettuccine Alfredo arrived cold and the order took much longer than promised.,2023-07-24
1714,1714,54,31,4,3,en,"Johnson, Roberts and Smith got the order right this time, Napolitana was okay, packaging could be better.",2023-05-05
1715,1715,154,26,62,2,en,Lang PLC used to be reliable but the last few orders have been late and the Dish portion has shrunk.,2024-06-20
1716,1716,421,40,88,4,en,"Best Falafel Bowl in the area, hands down. Hawkins PLC never disappoints.",2024-07-30
1717,1717,75,41,3,3,en,"Peters, Golden and Ballard got the order right this time, Tofu Stir-Fry was okay, packaging could be better.",2022-06-08
1718,1718,262,48,90,4,en,"Best Tagliatelle al Ragù in the area, hands down. Williams LLC never disappoints.",2022-08-11
1719,1719,149,43,13,1,en,"Arnold, Montgomery and Doyle used to be reliable but the last few orders have been late and the Ravioli Ricotta e Spinaci portion has shrunk. Courier was rude when we asked about the delay.",2023-06-26
1720,1720,198,45,14,1,en,The Crème Brûlée from Tran Group was soggy by the time it got to us. Not ordering from here again.,2023-04-04
1721,1721,15,19,59,2,en,Order was late and the courier never called when they couldn't find our building. Vegan Chili was barely warm.,2023-09-12
1722,1722,156,3,83,2,en,"Garcia, Pena and Adams used to be reliable but the last few orders have been late and the Cobb Salad portion has shrunk.",2024-09-09
1723,1723,465,23,18,2,en,Wrong items in the bag - we ordered Tiramisu and got something else entirely. Refund requested.,2024-08-28
1724,1724,5,11,46,1,en,"Order was late and the courier never called when they couldn't find our building. Veggie Burger was barely warm. Had to track down the courier ourselves, no updates on the app.",2024-07-28
1725,1725,179,46,68,2,en,Disappointed with Smith Group - the Classic Cheeseburger arrived cold and the order took much longer than promised.,2023-07-20
1726,1726,78,23,84,2,en,"Disappointed with Ellis, Parks and Jimenez - the Bacon Burger arrived cold and the order took much longer than promised.",2023-01-07
1727,1727,402,49,85,3,en,"The Chocolate Brownie from Myers, Shelton and Garcia was fine, nothing special. Delivery was on time at least.",2024-10-10
1728,1728,248,25,61,1,en,Disappointed with Hill-Mckay - the Greek Salad arrived cold and the order took much longer than promised.,2023-12-27
1729,1729,270,17,17,3,en,"Delivery took about as long as the app estimated. Classic Cheeseburger tasted fine, would order again if nothing closer is open.",2022-12-23
1730,1730,317,26,9,4,en,Fast delivery and the Fettuccine Alfredo arrived perfectly hot. Great job Lang PLC!,2022-02-02
1731,1731,50,43,14,4,en,"Five stars. Arnold, Montgomery and Doyle nailed the Ravioli Ricotta e Spinaci again, still hot and packed carefully.",2024-10-20
1732,1732,390,15,99,4,en,Really happy with this order - Margherita was fresh and the courier kept us updated the whole way.,2022-04-27
1733,1733,457,25,97,1,en,Hill-Mckay used to be reliable but the last few orders have been late and the Greek Salad portion has shrunk.,2024-10-08
1734,1734,129,8,5,2,en,Bell-Jimenez used to be reliable but the last few orders have been late and the order portion has shrunk.,2023-04-30
1735,1735,324,2,23,3,en,"Jackson, Walters and Michael got the order right this time, Tagliatelle al Ragù was okay, packaging could be better.",2022-04-30
1736,1736,69,41,74,1,en,"Disappointed with Peters, Golden and Ballard - the Lasagna arrived cold and the order took much longer than promised.",2022-08-10
1737,1737,225,44,37,3,en,"Whitaker-Paul got the order right this time, Fettuccine Alfredo was okay, packaging could be better.",2022-08-09
1738,1738,417,34,25,5,en,The Prosciutto e Funghi from Houston Inc was excellent and the courier was friendly and quick. Will order again!,2023-10-01
1739,1739,18,9,1,5,en,"Best Cheesecake in the area, hands down. Lowe, Ewing and Short never disappoints.",2024-04-30
1740,1740,175,12,88,1,en,"Disappointed with Cruz, Jackson and Kane - the Ravioli Ricotta e Spinaci arrived cold and the order took much longer than promised.",2023-08-05
1741,1741,293,31,65,3,en,"Johnson, Roberts and Smith got the order right this time, Napolitana was okay, packaging could be better.",2023-01-26
1742,1742,225,28,81,1,en,Combs-Stone used to be reliable but the last few orders have been late and the Pepperoni portion has shrunk.,2024-08-15
1743,1743,401,34,39,5,en,"Five stars. Houston Inc nailed the Prosciutto e Funghi again, still hot and packed carefully.",2022-05-12
1744,1744,308,35,43,2,en,"Order was late and the courier never called when they couldn't find our building. Caprese Salad was barely warm. Had to track down the courier ourselves, no updates on the app.",2022-09-04
1745,1745,200,46,46,5,en,"Best Classic Cheeseburger in the area, hands down. Smith Group never disappoints. Delivery driver even called ahead, nice touch.",2024-08-17
1746,1746,39,35,74,1,en,Disappointed with Ross Group - the Dish arrived cold and the order took much longer than promised.,2024-07-25
1747,1747,205,40,8,3,en,"The Chocolate Brownie from Hawkins PLC was fine, nothing special. Delivery was on time at least.",2024-02-07
1748,1748,242,17,84,1,en,The Classic Cheeseburger from Rojas-Tanner was soggy by the time it got to us. Not ordering from here again.,2022-02-07
1749,1749,103,22,98,4,en,"Fast delivery and the Tagliatelle al Ragù arrived perfectly hot. Great job Sanders, Smith and Smith!",2022-06-04
1750,1750,169,49,85,4,en,"Fast delivery and the Greek Salad arrived perfectly hot. Great job Myers, Shelton and Garcia!",2022-09-18
1751,1751,464,40,90,4,en,Fast delivery and the Caprese Salad arrived perfectly hot. Great job Hawkins PLC!,2023-01-18
1752,1752,307,48,79,1,en,The Tagliatelle al Ragù from Williams LLC was soggy by the time it got to us. Not ordering from here again.,2024-09-02
1753,1753,139,47,6,5,en,"Best Apple Strudel in the area, hands down. Herman-Williams never disappoints.",2022-02-10
1754,1754,333,23,56,1,en,"The Dish from Ellis, Parks and Jimenez was soggy by the time it got to us. Not ordering from here again. Courier was rude when we asked about the delay.",2022-12-02
1755,1755,477,4,4,2,en,Order was late and the courier never called when they couldn't find our building. Quattro Formaggi was barely warm.,2023-08-10
1756,1756,351,48,3,2,en,Wrong items in the bag - we ordered Tagliatelle al Ragù and got something else entirely. Refund requested.,2023-06-15
1757,1757,357,9,56,5,en,"Fast delivery and the Diavola arrived perfectly hot. Great job Lowe, Ewing and Short!",2023-04-16
1758,1758,225,8,79,2,en,The order from Bell-Jimenez was soggy by the time it got to us. Not ordering from here again.,2023-01-24
1759,1759,471,4,31,4,en,The Quattro Formaggi from Howell Group was excellent and the courier was friendly and quick. Will order again! Courier was polite and on time.,2022-04-11
1760,1760,212,48,97,5,en,The Tagliatelle al Ragù from Williams LLC was excellent and the courier was friendly and quick. Will order again!,2023-09-15
1761,1761,128,4,10,5,en,"Five stars. Howell Group nailed the Diavola again, still hot and packed carefully.",2022-05-21
1762,1762,23,21,45,3,en,"The Vegan Chili from Duran PLC was fine, nothing special. Delivery was on time at least.",2023-12-23
1763,1763,67,39,51,3,en,"Meyer-Carrillo got the order right this time, Veggie Burger was okay, packaging could be better.",2023-12-24
1764,1764,129,35,27,4,en,"Five stars. Ross Group nailed the Dish again, still hot and packed carefully.",2024-02-14
1765,1765,228,46,39,5,en,The Pepperoni from Smith Group was excellent and the courier was friendly and quick. Will order again!,2024-05-06
1766,1766,126,34,35,1,en,Order was late and the courier never called when they couldn't find our building. Vegan Buddha Bowl was barely warm.,2024-02-06
1767,1767,28,23,53,5,en,"Fast delivery and the Tiramisu arrived perfectly hot. Great job Ellis, Parks and Jimenez! Courier was polite and on time.",2024-11-08
1768,1768,41,14,18,5,en,The order from Jensen-Watkins was excellent and the courier was friendly and quick. Will order again!,2022-09-11
1769,1769,63,24,93,4,en,"Five stars. Bell, Williamson and Duncan nailed the Waldorf Salad again, still hot and packed carefully. Courier was polite and on time.",2022-02-11
1770,1770,226,42,98,2,en,The Dish from Olson-Estrada was soggy by the time it got to us. Not ordering from here again.,2024-11-11
1771,1771,429,3,35,4,en,"Five stars. Garcia, Pena and Adams nailed the Ravioli Ricotta e Spinaci again, still hot and packed carefully.",2023-10-09
1772,1772,31,18,79,1,en,"The Cobb Salad from Hensley, Johnson and Adams was soggy by the time it got to us. Not ordering from here again.",2023-06-30
1773,1773,228,3,29,3,en,"Delivery took about as long as the app estimated. Ravioli Ricotta e Spinaci tasted fine, would order again if nothing closer is open.",2023-02-20
1774,1774,27,43,40,2,en,"Disappointed with Arnold, Montgomery and Doyle - the Ravioli Ricotta e Spinaci arrived cold and the order took much longer than promised. Had to track down the courier ourselves, no updates on the app.",2023-08-19
1775,1775,466,39,97,4,en,The Veggie Burger from Meyer-Carrillo was excellent and the courier was friendly and quick. Will order again!,2024-10-08
1776,1776,111,49,4,4,en,"Five stars. Myers, Shelton and Garcia nailed the Chocolate Brownie again, still hot and packed carefully. Delivery driver even called ahead, nice touch.",2024-03-07
1777,1777,401,47,95,5,en,Fast delivery and the Caesar Salad arrived perfectly hot. Great job Herman-Williams! Courier was polite and on time.,2024-06-06
1778,1778,488,47,87,3,en,"Herman-Williams got the order right this time, Apple Strudel was okay, packaging could be better.",2024-08-01
1779,1779,218,37,93,5,en,"Best Greek Salad in the area, hands down. Guzman, Brown and Larsen never disappoints.",2024-04-22
1780,1780,492,25,60,3,en,Average experience. Greek Salad was decent but a bit pricey for the portion size.,2022-05-27
1781,1781,410,44,36,3,en,"Whitaker-Paul got the order right this time, Tagliatelle al Ragù was okay, packaging could be better.",2025-01-01
1782,1782,173,37,51,3,en,"Guzman, Brown and Larsen got the order right this time, Dish was okay, packaging could be better.",2023-11-07
1783,1783,338,17,84,2,en,Wrong items in the bag - we ordered Dish and got something else entirely. Refund requested. Courier was rude when we asked about the delay.,2022-01-15
1784,1784,339,21,34,1,en,Disappointed with Duran PLC - the Dish arrived cold and the order took much longer than promised.,2023-05-03
1785,1785,5,30,5,2,en,Wrong items in the bag - we ordered Dish and got something else entirely. Refund requested.,2023-06-11
1786,1786,30,38,11,2,en,Nelson LLC used to be reliable but the last few orders have been late and the Dish portion has shrunk.,2024-09-13
1787,1787,489,5,57,3,en,Average experience. Dish was decent but a bit pricey for the portion size.,2022-10-10
1788,1788,445,32,17,5,en,"The Ravioli Ricotta e Spinaci from Jackson, Bowman and Drake was excellent and the courier was friendly and quick. Will order again!",2023-11-24
1789,1789,336,4,30,2,en,Order was late and the courier never called when they couldn't find our building. Quattro Formaggi was barely warm.,2023-12-19
1790,1790,260,29,75,3,en,"The Dish from Cooper, Ross and Perkins was fine, nothing special. Delivery was on time at least.",2022-02-19
1791,1791,488,46,34,5,en,Really happy with this order - Classic Cheeseburger was fresh and the courier kept us updated the whole way.,2022-01-18
1792,1792,368,3,77,5,en,Really happy with this order - Falafel Bowl was fresh and the courier kept us updated the whole way. Courier was polite and on time.,2023-01-21
1793,1793,228,8,66,4,en,"Five stars. Bell-Jimenez nailed the order again, still hot and packed carefully.",2022-09-17
1794,1794,191,44,54,2,en,Wrong items in the bag - we ordered Quattro Formaggi and got something else entirely. Refund requested.,2023-12-05
1795,1795,13,21,78,1,en,Wrong items in the bag - we ordered Crème Brûlée and got something else entirely. Refund requested.,2023-01-06
1796,1796,192,31,38,2,en,Wrong items in the bag - we ordered Dish and got something else entirely. Refund requested.,2022-02-05
1797,1797,149,10,76,4,en,"Five stars. Miles Group nailed the Dish again, still hot and packed carefully. Courier was polite and on time.",2022-04-27
1798,1798,262,46,100,2,en,Wrong items in the bag - we ordered Pepperoni and got something else entirely. Refund requested.,2024-05-10
1799,1799,194,38,5,4,en,"The Mushroom Swiss Burger from Nelson LLC was excellent and the courier was friendly and quick. Will order again! Delivery driver even called ahead, nice touch.",2024-03-07
1800,1800,41,5,29,1,en,"The Dish from Wallace, Ortiz and Murray was soggy by the time it got to us. Not ordering from here again. Courier was rude when we asked about the delay.",2023-07-08
1801,1801,215,35,94,3,en,Average experience. Cobb Salad was decent but a bit pricey for the portion size.,2024-07-20
1802,1802,311,31,85,3,en,"Johnson, Roberts and Smith got the order right this time, Napolitana was okay, packaging could be better.",2023-07-25
1803,1803,100,37,38,1,en,"The Dish from Guzman, Brown and Larsen was soggy by the time it got to us. Not ordering from here again.",2022-12-27
1804,1804,234,21,96,2,en,Duran PLC used to be reliable but the last few orders have been late and the Quattro Formaggi portion has shrunk.,2024-02-01
1805,1805,491,27,47,1,en,Rodriguez-Murray used to be reliable but the last few orders have been late and the Grilled Vegetable Skewers portion has shrunk. Courier was rude when we asked about the delay.,2023-01-24
1806,1806,469,24,84,1,en,Order was late and the courier never called when they couldn't find our building. Diavola was barely warm.,2023-10-26
1807,1807,118,37,17,5,en,"The Greek Salad from Guzman, Brown and Larsen was excellent and the courier was friendly and quick. Will order again!",2022-09-28
1808,1808,300,43,18,1,en,Order was late and the courier never called when they couldn't find our building. Dish was barely warm.,2022-10-13
1809,1809,161,8,11,2,en,Wrong items in the bag - we ordered order and got something else entirely. Refund requested.,2023-04-09
1810,1810,254,41,99,4,en,"Fast delivery and the Dish arrived perfectly hot. Great job Peters, Golden and Ballard! Delivery driver even called ahead, nice touch.",2024-09-14
1811,1811,86,8,54,4,en,Really happy with this order - order was fresh and the courier kept us updated the whole way.,2024-04-22
1812,1812,52,9,5,5,en,"Fast delivery and the Diavola arrived perfectly hot. Great job Lowe, Ewing and Short! Delivery driver even called ahead, nice touch.",2022-01-29
1813,1813,68,33,68,1,en,Wrong items in the bag - we ordered Double Beef Burger and got something else entirely. Refund requested. Courier was rude when we asked about the delay.,2024-09-21
1814,1814,206,45,72,3,en,Average experience. Crème Brûlée was decent but a bit pricey for the portion size.,2024-02-21
1815,1815,460,22,76,1,en,Wrong items in the bag - we ordered Caesar Salad and got something else entirely. Refund requested.,2023-11-08
1816,1816,379,23,58,5,en,"Five stars. Ellis, Parks and Jimenez nailed the Bacon Burger again, still hot and packed carefully.",2023-11-24
1817,1817,388,31,90,2,en,"Johnson, Roberts and Smith used to be reliable but the last few orders have been late and the Dish portion has shrunk. Courier was rude when we asked about the delay.",2024-03-14
1818,1818,78,1,76,5,en,"The Lasagna from Williams, Campos and Cummings was excellent and the courier was friendly and quick. Will order again!",2023-02-13
1819,1819,165,29,23,4,en,Really happy with this order - Mushroom Swiss Burger was fresh and the courier kept us updated the whole way. Courier was polite and on time.,2024-03-02
1820,1820,119,20,64,1,en,Wrong items in the bag - we ordered Chocolate Brownie and got something else entirely. Refund requested. Courier was rude when we asked about the delay.,2022-02-22
1821,1821,297,33,55,4,en,The Double Beef Burger from Murphy and Sons was excellent and the courier was friendly and quick. Will order again!,2022-12-22
1822,1822,489,10,6,1,en,Miles Group used to be reliable but the last few orders have been late and the Dish portion has shrunk. Courier was rude when we asked about the delay.,2023-04-17
1823,1823,451,40,41,1,en,Order was late and the courier never called when they couldn't find our building. Falafel Bowl was barely warm.,2023-01-16
1824,1824,148,18,63,3,en,Average experience. Cobb Salad was decent but a bit pricey for the portion size.,2022-09-06
1825,1825,481,17,78,4,en,Fast delivery and the Dish arrived perfectly hot. Great job Rojas-Tanner!,2024-10-12
1826,1826,50,14,71,1,en,Order was late and the courier never called when they couldn't find our building. order was barely warm.,2024-04-08
1827,1827,463,3,70,5,en,Really happy with this order - Ravioli Ricotta e Spinaci was fresh and the courier kept us updated the whole way.,2024-05-25
1828,1828,427,2,48,5,en,"Five stars. Jackson, Walters and Michael nailed the Tagliatelle al Ragù again, still hot and packed carefully. Delivery driver even called ahead, nice touch.",2022-11-05
1829,1829,228,34,17,1,en,The Prosciutto e Funghi from Houston Inc was soggy by the time it got to us. Not ordering from here again. Courier was rude when we asked about the delay.,2022-11-20
1830,1830,362,8,57,1,en,The order from Bell-Jimenez was soggy by the time it got to us. Not ordering from here again.,2023-06-26
1831,1831,143,47,86,5,en,"Best Caesar Salad in the area, hands down. Herman-Williams never disappoints. Delivery driver even called ahead, nice touch.",2024-11-27
1832,1832,407,15,94,5,en,The Margherita from Cooper and Sons was excellent and the courier was friendly and quick. Will order again!,2022-12-26
1833,1833,142,30,81,2,en,Order was late and the courier never called when they couldn't find our building. Tagliatelle al Ragù was barely warm.,2024-01-09
1834,1834,353,21,5,3,en,"Duran PLC got the order right this time, Dish was okay, packaging could be better.",2022-04-21
1835,1835,98,36,85,4,en,"Really happy with this order - Falafel Bowl was fresh and the courier kept us updated the whole way. Delivery driver even called ahead, nice touch.",2022-02-11
1836,1836,71,38,49,5,en,The Dish from Nelson LLC was excellent and the courier was friendly and quick. Will order again!,2024-01-10
1837,1837,78,32,24,2,en,"Jackson, Bowman and Drake used to be reliable but the last few orders have been late and the Lasagna portion has shrunk.",2022-11-08
1838,1838,449,6,67,3,en,"Neal, Gomez and Watkins got the order right this time, Crème Brûlée was okay, packaging could be better.",2022-01-07
1839,1839,286,40,27,4,en,"Best Ravioli Ricotta e Spinaci in the area, hands down. Hawkins PLC never disappoints.",2022-07-15
1840,1840,135,40,49,4,en,The Caprese Salad from Hawkins PLC was excellent and the courier was friendly and quick. Will order again!,2023-10-03
1841,1841,272,43,24,5,en,"The Ravioli Ricotta e Spinaci from Arnold, Montgomery and Doyle was excellent and the courier was friendly and quick. Will order again!",2024-07-13
1842,1842,249,32,81,5,en,"Five stars. Jackson, Bowman and Drake nailed the Classic Cheeseburger again, still hot and packed carefully.",2023-10-20
1843,1843,152,7,29,2,en,"Disappointed with Castaneda, Day and Weaver - the Tiramisu arrived cold and the order took much longer than promised.",2024-11-22
1844,1844,497,29,42,3,en,"Delivery took about as long as the app estimated. Ravioli Ricotta e Spinaci tasted fine, would order again if nothing closer is open.",2023-12-30
1845,1845,238,21,85,1,en,Wrong items in the bag - we ordered Quattro Formaggi and got something else entirely. Refund requested.,2023-01-19
1846,1846,66,50,62,1,en,"The Dish from Kelly, Harris and Pruitt was soggy by the time it got to us. Not ordering from here again.",2023-10-22
1847,1847,149,18,65,2,en,Wrong items in the bag - we ordered Penne Arrabbiata and got something else entirely. Refund requested.,2024-09-05
1848,1848,288,50,42,3,en,"Delivery took about as long as the app estimated. Caesar Salad tasted fine, would order again if nothing closer is open.",2024-01-10
1849,1849,415,29,55,1,en,Wrong items in the bag - we ordered Bacon Burger and got something else entirely. Refund requested.,2022-10-14
1850,1850,249,47,29,3,en,"The Cobb Salad from Herman-Williams was fine, nothing special. Delivery was on time at least.",2023-11-30
1851,1851,230,27,29,1,en,Disappointed with Rodriguez-Murray - the Tofu Stir-Fry arrived cold and the order took much longer than promised. Courier was rude when we asked about the delay.,2024-08-19
1852,1852,400,41,15,2,en,"The Classic Cheeseburger from Peters, Golden and Ballard was soggy by the time it got to us. Not ordering from here again.",2023-11-01
1853,1853,277,2,93,1,en,Order was late and the courier never called when they couldn't find our building. Dish was barely warm.,2024-05-30
1854,1854,171,23,99,5,en,"Fast delivery and the Bacon Burger arrived perfectly hot. Great job Ellis, Parks and Jimenez! Delivery driver even called ahead, nice touch.",2022-03-12
1855,1855,108,24,69,1,en,"The Waldorf Salad from Bell, Williamson and Duncan was soggy by the time it got to us. Not ordering from here again. Courier was rude when we asked about the delay.",2024-12-15
1856,1856,441,46,30,1,en,The Pepperoni from Smith Group was soggy by the time it got to us. Not ordering from here again.,2024-05-28
1857,1857,212,14,71,5,en,Fast delivery and the order arrived perfectly hot. Great job Jensen-Watkins!,2024-10-27
1858,1858,387,34,14,1,en,Wrong items in the bag - we ordered Vegan Buddha Bowl and got something else entirely. Refund requested.,2023-03-14
1859,1859,81,19,39,3,en,Average experience. Vegan Chili was decent but a bit pricey for the portion size.,2022-09-12
1860,1860,140,48,16,1,en,Disappointed with Williams LLC - the Tagliatelle al Ragù arrived cold and the order took much longer than promised. Courier was rude when we asked about the delay.,2023-12-23
1861,1861,449,18,11,3,en,Average experience. Cobb Salad was decent but a bit pricey for the portion size.,2022-03-26
1862,1862,8,48,70,1,en,Williams LLC used to be reliable but the last few orders have been late and the Tagliatelle al Ragù portion has shrunk.,2024-10-06
1863,1863,302,26,25,2,en,Wrong items in the bag - we ordered Fettuccine Alfredo and got something else entirely. Refund requested.,2024-08-02
1864,1864,263,48,3,2,en,Order was late and the courier never called when they couldn't find our building. Dish was barely warm. Courier was rude when we asked about the delay.,2022-10-28
1865,1865,136,42,74,3,en,Average experience. Dish was decent but a bit pricey for the portion size.,2023-02-17
1866,1866,114,27,72,1,en,Wrong items in the bag - we ordered Grilled Vegetable Skewers and got something else entirely. Refund requested.,2023-06-17
1867,1867,126,25,3,4,en,Really happy with this order - Caesar Salad was fresh and the courier kept us updated the whole way.,2024-03-09
1868,1868,366,7,58,5,en,"The Double Beef Burger from Castaneda, Day and Weaver was excellent and the courier was friendly and quick. Will order again! Courier was polite and on time.",2023-09-29
1869,1869,395,15,58,1,en,The Apple Strudel from Cooper and Sons was soggy by the time it got to us. Not ordering from here again.,2023-06-07
1870,1870,160,22,19,3,en,"Delivery took about as long as the app estimated. Tagliatelle al Ragù tasted fine, would order again if nothing closer is open.",2024-12-06
1871,1871,87,14,63,3,en,"The order from Jensen-Watkins was fine, nothing special. Delivery was on time at least.",2022-10-04
1872,1872,316,31,67,4,en,"Best Dish in the area, hands down. Johnson, Roberts and Smith never disappoints.",2024-04-16
1873,1873,130,27,40,1,en,"The Grilled Vegetable Skewers from Rodriguez-Murray was soggy by the time it got to us. Not ordering from here again. Had to track down the courier ourselves, no updates on the app.",2024-07-06
1874,1874,353,37,77,5,en,"Best Dish in the area, hands down. Guzman, Brown and Larsen never disappoints. Courier was polite and on time.",2024-08-15
1875,1875,108,49,72,3,en,"The Greek Salad from Myers, Shelton and Garcia was fine, nothing special. Delivery was on time at least.",2023-08-23
1876,1876,121,21,60,4,en,The Quattro Formaggi from Duran PLC was excellent and the courier was friendly and quick. Will order again!,2023-06-14
1877,1877,218,45,10,1,en,"Tran Group used to be reliable but the last few orders have been late and the Crème Brûlée portion has shrunk. Had to track down the courier ourselves, no updates on the app.",2022-05-21
1878,1878,267,48,16,5,en,"Five stars. Williams LLC nailed the Tagliatelle al Ragù again, still hot and packed carefully. Courier was polite and on time.",2022-08-05
1879,1879,454,28,64,3,en,"Delivery took about as long as the app estimated. Tagliatelle al Ragù tasted fine, would order again if nothing closer is open.",2023-11-18
1880,1880,72,48,71,1,en,"Order was late and the courier never called when they couldn't find our building. Dish was barely warm. Had to track down the courier ourselves, no updates on the app.",2023-03-14
1881,1881,223,19,93,4,en,"Best Nicoise Salad in the area, hands down. Thomas-Williamson never disappoints.",2022-10-26
1882,1882,456,24,73,4,en,"Fast delivery and the Diavola arrived perfectly hot. Great job Bell, Williamson and Duncan!",2022-07-02
1883,1883,351,14,79,1,en,Disappointed with Jensen-Watkins - the order arrived cold and the order took much longer than promised.,2023-02-11
1884,1884,237,14,43,3,en,Average experience. order was decent but a bit pricey for the portion size.,2022-06-30
1885,1885,163,27,23,5,en,Fast delivery and the Grilled Vegetable Skewers arrived perfectly hot. Great job Rodriguez-Murray!,2023-05-31
1886,1886,360,13,26,4,en,"The Dish from Gallegos, Taylor and West was excellent and the courier was friendly and quick. Will order again! Delivery driver even called ahead, nice touch.",2022-04-13
1887,1887,49,4,80,5,en,The Diavola from Howell Group was excellent and the courier was friendly and quick. Will order again!,2023-10-15
1888,1888,326,36,29,2,en,Sanders LLC used to be reliable but the last few orders have been late and the Falafel Bowl portion has shrunk.,2023-11-23
1889,1889,146,28,75,1,en,The Pepperoni from Combs-Stone was soggy by the time it got to us. Not ordering from here again.,2023-02-09
1890,1890,288,35,83,1,en,"Wrong items in the bag - we ordered Lentil Soup and got something else entirely. Refund requested. Had to track down the courier ourselves, no updates on the app.",2022-08-12
1891,1891,375,14,36,2,en,The order from Jensen-Watkins was soggy by the time it got to us. Not ordering from here again.,2022-10-16
1892,1892,409,34,76,1,en,Houston Inc used to be reliable but the last few orders have been late and the Vegan Buddha Bowl portion has shrunk.,2024-04-22
1893,1893,396,38,78,3,en,"The Greek Salad from Nelson LLC was fine, nothing special. Delivery was on time at least.",2024-11-26
1894,1894,87,1,30,3,en,"The Penne Arrabbiata from Williams, Campos and Cummings was fine, nothing special. Delivery was on time at least.",2022-04-14
1895,1895,85,31,1,4,en,"Fast delivery and the Penne Arrabbiata arrived perfectly hot. Great job Johnson, Roberts and Smith!",2022-03-29
1896,1896,262,29,55,3,en,"The Ravioli Ricotta e Spinaci from Cooper, Ross and Perkins was fine, nothing special. Delivery was on time at least.",2023-06-04
1897,1897,390,8,31,3,en,"Bell-Jimenez got the order right this time, order was okay, packaging could be better.",2023-03-10
1898,1898,243,23,40,4,en,"Five stars. Ellis, Parks and Jimenez nailed the Dish again, still hot and packed carefully. Delivery driver even called ahead, nice touch.",2022-12-16
1899,1899,432,14,22,2,en,Wrong items in the bag - we ordered order and got something else entirely. Refund requested.,2024-07-05
1900,1900,287,29,63,2,en,"Disappointed with Cooper, Ross and Perkins - the Ravioli Ricotta e Spinaci arrived cold and the order took much longer than promised.",2024-05-17
1901,1901,461,28,84,4,en,"Best Crème Brûlée in the area, hands down. Combs-Stone never disappoints.",2022-07-18
1902,1902,395,43,45,3,en,Average experience. Ravioli Ricotta e Spinaci was decent but a bit pricey for the portion size.,2022-08-26
1903,1903,192,12,96,4,en,Really happy with this order - Dish was fresh and the courier kept us updated the whole way.,2022-08-05
1904,1904,100,1,76,5,en,"Five stars. Williams, Campos and Cummings nailed the Penne Arrabbiata again, still hot and packed carefully.",2022-12-30
1905,1905,258,1,78,3,en,"The Penne Arrabbiata from Williams, Campos and Cummings was fine, nothing special. Delivery was on time at least.",2022-02-06
1906,1906,246,26,6,1,en,Lang PLC used to be reliable but the last few orders have been late and the Dish portion has shrunk. Courier was rude when we asked about the delay.,2024-02-13
1907,1907,30,37,4,4,en,"The Cobb Salad from Guzman, Brown and Larsen was excellent and the courier was friendly and quick. Will order again!",2024-10-13
1908,1908,89,31,96,3,en,"Delivery took about as long as the app estimated. Napolitana tasted fine, would order again if nothing closer is open.",2024-04-05
1909,1909,190,2,79,1,en,Order was late and the courier never called when they couldn't find our building. Tagliatelle al Ragù was barely warm.,2022-06-20
1910,1910,43,27,16,2,en,Disappointed with Rodriguez-Murray - the Grilled Vegetable Skewers arrived cold and the order took much longer than promised. Courier was rude when we asked about the delay.,2023-05-04
1911,1911,50,35,36,2,en,The Dish from Ross Group was soggy by the time it got to us. Not ordering from here again.,2023-12-20
1912,1912,429,44,41,4,en,"Best Tagliatelle al Ragù in the area, hands down. Whitaker-Paul never disappoints.",2022-07-08
1913,1913,8,43,52,3,en,"Delivery took about as long as the app estimated. Dish tasted fine, would order again if nothing closer is open.",2024-07-07
1914,1914,99,49,65,3,en,"Delivery took about as long as the app estimated. Greek Salad tasted fine, would order again if nothing closer is open.",2024-03-09
1915,1915,228,3,36,5,en,"The Vegan Chili from Garcia, Pena and Adams was excellent and the courier was friendly and quick. Will order again!",2022-08-07
1916,1916,89,41,96,5,en,"Best Dish in the area, hands down. Peters, Golden and Ballard never disappoints.",2022-12-11
1917,1917,175,30,73,5,en,"Best Tagliatelle al Ragù in the area, hands down. Rodriguez, James and Frank never disappoints.",2022-04-08
1918,1918,60,6,24,5,en,"Five stars. Neal, Gomez and Watkins nailed the Crème Brûlée again, still hot and packed carefully. Courier was polite and on time.",2022-07-26
1919,1919,404,1,28,4,en,"Best Penne Arrabbiata in the area, hands down. Williams, Campos and Cummings never disappoints.",2023-02-15
1920,1920,483,16,40,1,en,"Disappointed with Nelson, Graham and Fields - the Quattro Formaggi arrived cold and the order took much longer than promised. Courier was rude when we asked about the delay.",2023-12-08
1921,1921,387,48,17,5,en,Fast delivery and the Spaghetti Carbonara arrived perfectly hot. Great job Williams LLC!,2022-03-02
1922,1922,143,9,73,2,en,"Disappointed with Lowe, Ewing and Short - the Diavola arrived cold and the order took much longer than promised. Had to track down the courier ourselves, no updates on the app.",2023-04-01
1923,1923,453,13,23,2,en,"The Dish from Gallegos, Taylor and West was soggy by the time it got to us. Not ordering from here again. Had to track down the courier ourselves, no updates on the app.",2022-10-15
1924,1924,48,32,46,5,en,Really happy with this order - Dish was fresh and the courier kept us updated the whole way.,2023-02-04
1925,1925,425,41,88,1,en,Order was late and the courier never called when they couldn't find our building. Dish was barely warm.,2022-02-13
1926,1926,276,37,27,2,en,"Guzman, Brown and Larsen used to be reliable but the last few orders have been late and the Dish portion has shrunk.",2023-04-22
1927,1927,176,45,65,4,en,Really happy with this order - BBQ Burger was fresh and the courier kept us updated the whole way.,2024-06-30
1928,1928,263,50,27,5,en,"Five stars. Kelly, Harris and Pruitt nailed the Dish again, still hot and packed carefully. Delivery driver even called ahead, nice touch.",2022-08-29
1929,1929,473,8,67,3,en,"Delivery took about as long as the app estimated. order tasted fine, would order again if nothing closer is open.",2023-11-25
1930,1930,240,38,42,1,en,Wrong items in the bag - we ordered Greek Salad and got something else entirely. Refund requested. Courier was rude when we asked about the delay.,2023-09-13
1931,1931,360,7,81,2,en,Wrong items in the bag - we ordered Tiramisu and got something else entirely. Refund requested.,2024-08-10
1932,1932,216,31,43,4,en,"The Penne Arrabbiata from Johnson, Roberts and Smith was excellent and the courier was friendly and quick. Will order again!",2023-12-13
1933,1933,468,23,40,3,en,Average experience. Dish was decent but a bit pricey for the portion size.,2023-05-30
1934,1934,225,40,59,1,en,Order was late and the courier never called when they couldn't find our building. Cheesecake was barely warm. Courier was rude when we asked about the delay.,2023-09-24
1935,1935,205,31,32,1,en,"Order was late and the courier never called when they couldn't find our building. Dish was barely warm. Had to track down the courier ourselves, no updates on the app.",2024-03-03
1936,1936,348,26,39,4,en,Fast delivery and the Fettuccine Alfredo arrived perfectly hot. Great job Lang PLC!,2024-12-01
1937,1937,56,27,55,1,en,Rodriguez-Murray used to be reliable but the last few orders have been late and the Tofu Stir-Fry portion has shrunk.,2024-11-13
1938,1938,15,11,66,2,en,The Tofu Stir-Fry from Dominguez-Short was soggy by the time it got to us. Not ordering from here again.,2024-10-09
1939,1939,488,37,97,2,en,"Guzman, Brown and Larsen used to be reliable but the last few orders have been late and the Dish portion has shrunk.",2022-05-26
1940,1940,497,6,40,4,en,"Best Tiramisu in the area, hands down. Neal, Gomez and Watkins never disappoints.",2024-05-31
1941,1941,85,30,1,4,en,"Best Dish in the area, hands down. Rodriguez, James and Frank never disappoints.",2022-06-11
1942,1942,158,6,24,3,en,"The Crème Brûlée from Neal, Gomez and Watkins was fine, nothing special. Delivery was on time at least.",2024-07-29
1943,1943,371,16,20,2,en,"Nelson, Graham and Fields used to be reliable but the last few orders have been late and the Lasagna portion has shrunk.",2023-09-01
1944,1944,245,11,45,1,en,Dominguez-Short used to be reliable but the last few orders have been late and the Dish portion has shrunk.,2023-06-01
1945,1945,109,31,86,5,en,Really happy with this order - Dish was fresh and the courier kept us updated the whole way.,2024-06-30
1946,1946,199,9,41,1,en,"Wrong items in the bag - we ordered Cheesecake and got something else entirely. Refund requested. Had to track down the courier ourselves, no updates on the app.",2023-03-18
1947,1947,420,44,94,3,en,Average experience. Tiramisu was decent but a bit pricey for the portion size.,2023-10-20
1948,1948,178,32,86,4,en,"Best Classic Cheeseburger in the area, hands down. Jackson, Bowman and Drake never disappoints.",2022-02-02
1949,1949,189,24,44,4,en,"Fast delivery and the Diavola arrived perfectly hot. Great job Bell, Williamson and Duncan! Delivery driver even called ahead, nice touch.",2024-06-22
1950,1950,331,15,18,2,en,"Order was late and the courier never called when they couldn't find our building. Caesar Salad was barely warm. Had to track down the courier ourselves, no updates on the app.",2022-07-28
1951,1951,223,6,44,1,en,"The Tiramisu from Neal, Gomez and Watkins was soggy by the time it got to us. Not ordering from here again. Had to track down the courier ourselves, no updates on the app.",2023-12-18
1952,1952,146,20,50,1,en,"Disappointed with Garza-Shea - the Lentil Soup arrived cold and the order took much longer than promised. Had to track down the courier ourselves, no updates on the app.",2024-06-21
1953,1953,491,27,23,1,en,The Tofu Stir-Fry from Rodriguez-Murray was soggy by the time it got to us. Not ordering from here again.,2023-03-16
1954,1954,239,6,45,1,en,"Neal, Gomez and Watkins used to be reliable but the last few orders have been late and the Crème Brûlée portion has shrunk.",2024-03-15
1955,1955,83,21,17,5,en,"Five stars. Duran PLC nailed the Vegan Chili again, still hot and packed carefully.",2023-07-13
1956,1956,249,42,86,5,en,Fast delivery and the Dish arrived perfectly hot. Great job Olson-Estrada!,2023-04-10
1957,1957,218,17,95,4,en,"Best Dish in the area, hands down. Rojas-Tanner never disappoints.",2022-05-11
1958,1958,191,50,61,3,en,"The Caesar Salad from Kelly, Harris and Pruitt was fine, nothing special. Delivery was on time at least.",2023-01-04
1959,1959,58,12,55,3,en,"Delivery took about as long as the app estimated. Ravioli Ricotta e Spinaci tasted fine, would order again if nothing closer is open.",2024-04-14
1960,1960,4,22,91,4,en,"The Caesar Salad from Sanders, Smith and Smith was excellent and the courier was friendly and quick. Will order again!",2022-10-11
1961,1961,373,30,56,1,en,"Disappointed with Rodriguez, James and Frank - the Tagliatelle al Ragù arrived cold and the order took much longer than promised. Courier was rude when we asked about the delay.",2023-05-26
1962,1962,445,32,59,2,en,"Jackson, Bowman and Drake used to be reliable but the last few orders have been late and the Classic Cheeseburger portion has shrunk.",2022-02-24
1963,1963,218,22,87,3,en,"Delivery took about as long as the app estimated. Caesar Salad tasted fine, would order again if nothing closer is open.",2024-04-20
1964,1964,137,12,38,2,en,Wrong items in the bag - we ordered Ravioli Ricotta e Spinaci and got something else entirely. Refund requested.,2023-04-05
1965,1965,153,41,5,4,en,"The Tofu Stir-Fry from Peters, Golden and Ballard was excellent and the courier was friendly and quick. Will order again!",2022-05-04
1966,1966,379,26,32,1,en,The Fettuccine Alfredo from Lang PLC was soggy by the time it got to us. Not ordering from here again.,2022-04-04
1967,1967,373,10,82,4,en,Fast delivery and the Prosciutto e Funghi arrived perfectly hot. Great job Miles Group!,2023-04-18
1968,1968,498,30,89,3,en,"The Dish from Rodriguez, James and Frank was fine, nothing special. Delivery was on time at least.",2022-09-26
1969,1969,235,3,10,1,en,"Disappointed with Garcia, Pena and Adams - the Cobb Salad arrived cold and the order took much longer than promised.",2023-02-13
1970,1970,371,41,13,1,en,Wrong items in the bag - we ordered Caprese Salad and got something else entirely. Refund requested.,2023-07-16
1971,1971,475,41,96,3,en,Average experience. Caprese Salad was decent but a bit pricey for the portion size.,2023-04-11
1972,1972,487,48,33,4,en,"The Lentil Soup from Williams LLC was excellent and the courier was friendly and quick. Will order again! Delivery driver even called ahead, nice touch.",2024-03-27
1973,1973,495,8,25,3,en,Average experience. order was decent but a bit pricey for the portion size.,2022-10-17
1974,1974,264,35,32,5,en,Fast delivery and the Cobb Salad arrived perfectly hot. Great job Ross Group!,2024-05-28
1975,1975,243,14,98,4,en,"Five stars. Jensen-Watkins nailed the order again, still hot and packed carefully.",2022-10-29
1976,1976,257,43,6,4,en,"Fast delivery and the Dish arrived perfectly hot. Great job Arnold, Montgomery and Doyle!",2023-03-15
1977,1977,146,18,1,5,en,"The Penne Arrabbiata from Hensley, Johnson and Adams was excellent and the courier was friendly and quick. Will order again! Courier was polite and on time.",2022-08-17
1978,1978,67,18,35,3,en,"The Cobb Salad from Hensley, Johnson and Adams was fine, nothing special. Delivery was on time at least.",2023-10-21
1979,1979,114,15,3,5,en,Fast delivery and the Dish arrived perfectly hot. Great job Cooper and Sons!,2022-12-22
1980,1980,148,47,92,4,en,Really happy with this order - Apple Strudel was fresh and the courier kept us updated the whole way.,2024-06-25
1981,1981,305,22,70,5,en,Really happy with this order - Tagliatelle al Ragù was fresh and the courier kept us updated the whole way. Courier was polite and on time.,2023-06-07
1982,1982,175,21,45,5,en,"Best Crème Brûlée in the area, hands down. Duran PLC never disappoints. Courier was polite and on time.",2022-06-16
1983,1983,273,45,22,5,en,The Double Beef Burger from Tran Group was excellent and the courier was friendly and quick. Will order again! Courier was polite and on time.,2023-03-06
1984,1984,339,37,11,3,en,"Delivery took about as long as the app estimated. Greek Salad tasted fine, would order again if nothing closer is open.",2023-06-19
1985,1985,107,48,68,5,en,"Best Dish in the area, hands down. Williams LLC never disappoints.",2022-12-02
1986,1986,346,30,4,3,en,"Delivery took about as long as the app estimated. Dish tasted fine, would order again if nothing closer is open.",2023-11-19
1987,1987,181,37,56,5,en,"Fast delivery and the Dish arrived perfectly hot. Great job Guzman, Brown and Larsen!",2024-12-29
1988,1988,285,48,63,1,en,The Tagliatelle al Ragù from Williams LLC was soggy by the time it got to us. Not ordering from here again.,2023-02-18
1989,1989,194,39,16,4,en,"Five stars. Meyer-Carrillo nailed the Veggie Burger again, still hot and packed carefully.",2023-03-12
1990,1990,293,19,23,1,en,The Lentil Soup from Thomas-Williamson was soggy by the time it got to us. Not ordering from here again.,2024-04-23
1991,1991,210,23,97,2,en,Wrong items in the bag - we ordered Dish and got something else entirely. Refund requested.,2023-04-06
1992,1992,395,24,81,4,en,"Really happy with this order - Diavola was fresh and the courier kept us updated the whole way. Delivery driver even called ahead, nice touch.",2024-01-02
1993,1993,275,35,51,1,en,Ross Group used to be reliable but the last few orders have been late and the Dish portion has shrunk.,2024-07-30
1994,1994,147,29,21,1,en,"The Dish from Cooper, Ross and Perkins was soggy by the time it got to us. Not ordering from here again.",2023-03-17
1995,1995,425,22,98,1,en,"Wrong items in the bag - we ordered Caesar Salad and got something else entirely. Refund requested. Had to track down the courier ourselves, no updates on the app.",2023-12-24
1996,1996,298,42,54,4,en,"Five stars. Olson-Estrada nailed the BBQ Burger again, still hot and packed carefully. Delivery driver even called ahead, nice touch.",2023-03-29
1997,1997,115,9,79,4,en,"Best Diavola in the area, hands down. Lowe, Ewing and Short never disappoints. Courier was polite and on time.",2023-07-08
1998,1998,293,47,53,1,en,The Caesar Salad from Herman-Williams was soggy by the time it got to us. Not ordering from here again.,2022-12-23
1999,1999,292,41,61,1,en,Order was late and the courier never called when they couldn't find our building. Dish was barely warm.,2022-04-12
2000,2000,381,39,84,4,en,Fast delivery and the Cobb Salad arrived perfectly hot. Great job Meyer-Carrillo!,2023-08-31
2001,2001,235,24,93,4,en,"Really happy with this order - Waldorf Salad was fresh and the courier kept us updated the whole way. Delivery driver even called ahead, nice touch.",2022-07-13
2002,2002,68,19,9,2,en,"The BBQ Burger from Thomas-Williamson was soggy by the time it got to us. Not ordering from here again. Had to track down the courier ourselves, no updates on the app.",2022-08-15
2003,2003,126,44,78,4,en,Fast delivery and the Tiramisu arrived perfectly hot. Great job Whitaker-Paul!,2024-12-22
2004,2004,257,42,15,3,en,Average experience. Dish was decent but a bit pricey for the portion size.,2024-07-07
2005,2005,237,47,9,5,en,"Fast delivery and the Caesar Salad arrived perfectly hot. Great job Herman-Williams! Delivery driver even called ahead, nice touch.",2024-04-03
2006,2006,241,25,10,3,en,"The Caprese Salad from Hill-Mckay was fine, nothing special. Delivery was on time at least.",2024-11-18
2007,2007,367,50,78,5,en,Really happy with this order - Caesar Salad was fresh and the courier kept us updated the whole way.,2024-12-23
2008,2008,247,47,8,2,en,Herman-Williams used to be reliable but the last few orders have been late and the Apple Strudel portion has shrunk. Courier was rude when we asked about the delay.,2024-06-08
2009,2009,205,46,66,2,en,"Order was late and the courier never called when they couldn't find our building. Classic Cheeseburger was barely warm. Had to track down the courier ourselves, no updates on the app.",2023-12-14
2010,2010,54,10,34,1,en,Miles Group used to be reliable but the last few orders have been late and the Grilled Vegetable Skewers portion has shrunk. Courier was rude when we asked about the delay.,2024-04-05
2011,2011,87,24,53,4,en,"Five stars. Bell, Williamson and Duncan nailed the Diavola again, still hot and packed carefully.",2023-01-11
2012,2012,108,17,13,5,en,"Best Dish in the area, hands down. Rojas-Tanner never disappoints.",2023-12-07
2013,2013,461,46,63,1,en,Disappointed with Smith Group - the Classic Cheeseburger arrived cold and the order took much longer than promised.,2024-04-11
2014,2014,353,29,43,1,en,"Cooper, Ross and Perkins used to be reliable but the last few orders have been late and the Dish portion has shrunk. Had to track down the courier ourselves, no updates on the app.",2024-02-09
2015,2015,19,49,18,1,en,"Disappointed with Myers, Shelton and Garcia - the Ravioli Ricotta e Spinaci arrived cold and the order took much longer than promised.",2023-07-26
2016,2016,451,24,73,4,en,"The Waldorf Salad from Bell, Williamson and Duncan was excellent and the courier was friendly and quick. Will order again! Courier was polite and on time.",2024-02-23
2017,2017,82,37,82,1,en,Order was late and the courier never called when they couldn't find our building. Dish was barely warm.,2023-06-08
2018,2018,151,10,96,5,en,"The Dish from Miles Group was excellent and the courier was friendly and quick. Will order again! Delivery driver even called ahead, nice touch.",2022-05-21
2019,2019,132,41,30,4,en,"Best Dish in the area, hands down. Peters, Golden and Ballard never disappoints.",2024-07-21
2020,2020,300,1,34,1,en,"Disappointed with Williams, Campos and Cummings - the Dish arrived cold and the order took much longer than promised.",2024-03-01
2021,2021,245,40,22,1,en,Order was late and the courier never called when they couldn't find our building. Ravioli Ricotta e Spinaci was barely warm.,2023-12-10
2022,2022,268,24,49,3,en,Average experience. Diavola was decent but a bit pricey for the portion size.,2023-12-13
2023,2023,90,31,49,5,en,"Five stars. Johnson, Roberts and Smith nailed the Dish again, still hot and packed carefully. Courier was polite and on time.",2024-01-06
2024,2024,116,20,27,1,en,Disappointed with Garza-Shea - the Chocolate Brownie arrived cold and the order took much longer than promised.,2022-06-15
2025,2025,101,23,64,2,en,Wrong items in the bag - we ordered Bacon Burger and got something else entirely. Refund requested.,2023-09-19
2026,2026,434,34,30,1,en,"Wrong items in the bag - we ordered Prosciutto e Funghi and got something else entirely. Refund requested. Had to track down the courier ourselves, no updates on the app.",2023-02-05
2027,2027,321,7,43,3,en,"The Diavola from Castaneda, Day and Weaver was fine, nothing special. Delivery was on time at least.",2022-03-17
2028,2028,434,48,69,3,en,Average experience. Tagliatelle al Ragù was decent but a bit pricey for the portion size.,2024-11-29
2029,2029,291,34,32,3,en,"Delivery took about as long as the app estimated. Vegan Buddha Bowl tasted fine, would order again if nothing closer is open.",2022-10-08
2030,2030,480,42,32,1,en,Disappointed with Olson-Estrada - the Dish arrived cold and the order took much longer than promised.,2024-01-29
2031,2031,21,39,35,3,en,Average experience. Veggie Burger was decent but a bit pricey for the portion size.,2022-11-04
2032,2032,426,5,17,3,en,"Wallace, Ortiz and Murray got the order right this time, Dish was okay, packaging could be better.",2022-11-29
2033,2033,125,38,98,5,en,Really happy with this order - Dish was fresh and the courier kept us updated the whole way.,2023-06-10
2034,2034,452,4,41,4,en,Fast delivery and the Quattro Formaggi arrived perfectly hot. Great job Howell Group!,2022-03-22
2035,2035,227,6,61,4,en,"The Crème Brûlée from Neal, Gomez and Watkins was excellent and the courier was friendly and quick. Will order again!",2022-04-23
2036,2036,250,20,73,3,en,Average experience. Chocolate Brownie was decent but a bit pricey for the portion size.,2023-10-03
2037,2037,454,29,100,2,en,"Disappointed with Cooper, Ross and Perkins - the Ravioli Ricotta e Spinaci arrived cold and the order took much longer than promised. Courier was rude when we asked about the delay.",2022-08-04
2038,2038,129,49,53,2,en,"The Cheesecake from Myers, Shelton and Garcia was soggy by the time it got to us. Not ordering from here again.",2022-10-24
2039,2039,260,31,66,2,en,"The Penne Arrabbiata from Johnson, Roberts and Smith was soggy by the time it got to us. Not ordering from here again. Had to track down the courier ourselves, no updates on the app.",2024-11-09
2040,2040,445,35,32,5,en,"Five stars. Ross Group nailed the Caprese Salad again, still hot and packed carefully.",2022-11-01
2041,2041,321,29,15,3,en,"Cooper, Ross and Perkins got the order right this time, Grilled Vegetable Skewers was okay, packaging could be better.",2023-06-19
2042,2042,241,32,21,5,en,"Five stars. Jackson, Bowman and Drake nailed the Dish again, still hot and packed carefully.",2022-03-14
2043,2043,156,7,57,4,en,"Fast delivery and the Tiramisu arrived perfectly hot. Great job Castaneda, Day and Weaver!",2023-12-03
2044,2044,100,50,14,3,en,"Delivery took about as long as the app estimated. Dish tasted fine, would order again if nothing closer is open.",2022-08-24
2045,2045,164,50,68,3,en,"The Dish from Kelly, Harris and Pruitt was fine, nothing special. Delivery was on time at least.",2022-04-23
2046,2046,108,37,87,2,en,Wrong items in the bag - we ordered Cobb Salad and got something else entirely. Refund requested. Courier was rude when we asked about the delay.,2022-12-24
2047,2047,403,11,21,2,en,"Dominguez-Short used to be reliable but the last few orders have been late and the Tofu Stir-Fry portion has shrunk. Had to track down the courier ourselves, no updates on the app.",2023-12-31
2048,2048,243,42,77,5,en,"Five stars. Olson-Estrada nailed the BBQ Burger again, still hot and packed carefully.",2024-05-04
2049,2049,478,17,61,1,en,Disappointed with Rojas-Tanner - the Spaghetti Carbonara arrived cold and the order took much longer than promised. Courier was rude when we asked about the delay.,2023-02-13
2050,2050,373,23,96,4,en,"Five stars. Ellis, Parks and Jimenez nailed the Tiramisu again, still hot and packed carefully.",2023-05-10
2051,2051,202,49,54,1,en,"Myers, Shelton and Garcia used to be reliable but the last few orders have been late and the Chocolate Brownie portion has shrunk.",2024-04-18
2052,2052,496,27,46,2,en,"Wrong items in the bag - we ordered Grilled Vegetable Skewers and got something else entirely. Refund requested. Had to track down the courier ourselves, no updates on the app.",2024-06-04
2053,2053,10,46,26,2,en,The Cobb Salad from Smith Group was soggy by the time it got to us. Not ordering from here again.,2023-12-29
2054,2054,427,24,4,3,en,"Bell, Williamson and Duncan got the order right this time, Diavola was okay, packaging could be better.",2023-04-14
2055,2055,286,36,95,2,en,The Falafel Bowl from Sanders LLC was soggy by the time it got to us. Not ordering from here again.,2024-05-27
2056,2056,439,18,14,1,en,"The Penne Arrabbiata from Hensley, Johnson and Adams was soggy by the time it got to us. Not ordering from here again. Courier was rude when we asked about the delay.",2022-09-25
2057,2057,246,47,76,1,en,Order was late and the courier never called when they couldn't find our building. Apple Strudel was barely warm.,2024-11-10
2058,2058,200,45,91,3,en,"Delivery took about as long as the app estimated. BBQ Burger tasted fine, would order again if nothing closer is open.",2022-10-04
2059,2059,52,4,82,5,en,"Five stars. Howell Group nailed the Quattro Formaggi again, still hot and packed carefully. Delivery driver even called ahead, nice touch.",2022-10-30
2060,2060,473,19,15,5,en,"Five stars. Thomas-Williamson nailed the Lentil Soup again, still hot and packed carefully.",2022-05-31
2061,2061,397,47,53,5,en,"Five stars. Herman-Williams nailed the Cobb Salad again, still hot and packed carefully.",2024-08-16
2062,2062,103,36,12,2,en,Disappointed with Sanders LLC - the Falafel Bowl arrived cold and the order took much longer than promised. Courier was rude when we asked about the delay.,2022-09-28
2063,2063,134,36,68,4,en,Really happy with this order - Falafel Bowl was fresh and the courier kept us updated the whole way.,2024-01-27
2064,2064,446,45,92,4,en,"Five stars. Tran Group nailed the BBQ Burger again, still hot and packed carefully.",2024-11-17
2065,2065,383,14,24,3,en,"Delivery took about as long as the app estimated. order tasted fine, would order again if nothing closer is open.",2023-06-01
2066,2066,171,13,87,2,en,Order was late and the courier never called when they couldn't find our building. Chocolate Brownie was barely warm.,2022-10-13
2067,2067,62,42,53,4,en,"Best Diavola in the area, hands down. Olson-Estrada never disappoints.",2023-03-11
2068,2068,426,34,8,1,en,Order was late and the courier never called when they couldn't find our building. Prosciutto e Funghi was barely warm.,2023-02-17
2069,2069,492,33,42,5,en,"Best Double Beef Burger in the area, hands down. Murphy and Sons never disappoints.",2023-06-24
2070,2070,35,48,10,4,en,Fast delivery and the Tagliatelle al Ragù arrived perfectly hot. Great job Williams LLC!,2022-04-13
2071,2071,82,33,12,4,en,"Fast delivery and the Prosciutto e Funghi arrived perfectly hot. Great job Murphy and Sons! Delivery driver even called ahead, nice touch.",2024-10-10
2072,2072,393,44,56,2,en,"Disappointed with Whitaker-Paul - the Quattro Formaggi arrived cold and the order took much longer than promised. Had to track down the courier ourselves, no updates on the app.",2023-05-26
2073,2073,170,5,24,1,en,"Wallace, Ortiz and Murray used to be reliable but the last few orders have been late and the Diavola portion has shrunk.",2023-09-26
2074,2074,400,45,95,4,en,"The Waldorf Salad from Tran Group was excellent and the courier was friendly and quick. Will order again! Delivery driver even called ahead, nice touch.",2024-09-03
2075,2075,151,1,80,2,en,"Williams, Campos and Cummings used to be reliable but the last few orders have been late and the Lasagna portion has shrunk.",2022-01-23
2076,2076,219,10,34,5,en,"The Dish from Miles Group was excellent and the courier was friendly and quick. Will order again! Delivery driver even called ahead, nice touch.",2023-10-03
2077,2077,235,42,86,3,en,"Delivery took about as long as the app estimated. Diavola tasted fine, would order again if nothing closer is open.",2024-04-25
2078,2078,445,37,20,4,en,"Five stars. Guzman, Brown and Larsen nailed the Greek Salad again, still hot and packed carefully.",2024-04-30
2079,2079,93,7,4,2,en,"The Diavola from Castaneda, Day and Weaver was soggy by the time it got to us. Not ordering from here again.",2023-10-23
2080,2080,277,23,9,3,en,"Ellis, Parks and Jimenez got the order right this time, Bacon Burger was okay, packaging could be better.",2024-08-13
2081,2081,107,13,39,5,en,"Fast delivery and the Dish arrived perfectly hot. Great job Gallegos, Taylor and West! Delivery driver even called ahead, nice touch.",2023-04-11
2082,2082,480,14,99,4,en,"Fast delivery and the order arrived perfectly hot. Great job Jensen-Watkins! Delivery driver even called ahead, nice touch.",2022-01-30
2083,2083,428,25,4,2,en,Wrong items in the bag - we ordered Greek Salad and got something else entirely. Refund requested.,2024-08-11
2084,2084,26,29,57,2,en,"Disappointed with Cooper, Ross and Perkins - the Grilled Vegetable Skewers arrived cold and the order took much longer than promised. Courier was rude when we asked about the delay.",2022-08-08
2085,2085,418,8,12,5,en,"Best order in the area, hands down. Bell-Jimenez never disappoints.",2023-07-11
2086,2086,84,49,27,3,en,"Myers, Shelton and Garcia got the order right this time, Cheesecake was okay, packaging could be better.",2024-10-29
2087,2087,163,27,25,5,en,Fast delivery and the Caprese Salad arrived perfectly hot. Great job Rodriguez-Murray!,2024-12-15
2088,2088,245,17,66,4,en,"The Dish from Rojas-Tanner was excellent and the courier was friendly and quick. Will order again! Delivery driver even called ahead, nice touch.",2024-11-02
2089,2089,195,27,52,3,en,"Delivery took about as long as the app estimated. Grilled Vegetable Skewers tasted fine, would order again if nothing closer is open.",2023-01-27
2090,2090,223,42,39,2,en,Order was late and the courier never called when they couldn't find our building. BBQ Burger was barely warm.,2025-01-02
2091,2091,330,25,61,5,en,Really happy with this order - Crème Brûlée was fresh and the courier kept us updated the whole way.,2024-11-10
2092,2092,332,21,6,2,en,"The Crème Brûlée from Duran PLC was soggy by the time it got to us. Not ordering from here again. Had to track down the courier ourselves, no updates on the app.",2024-07-18
2093,2093,5,9,67,4,en,"Best Cheesecake in the area, hands down. Lowe, Ewing and Short never disappoints. Delivery driver even called ahead, nice touch.",2022-06-04
2094,2094,32,39,27,4,en,"Fast delivery and the Veggie Burger arrived perfectly hot. Great job Meyer-Carrillo! Delivery driver even called ahead, nice touch.",2022-11-20
2095,2095,215,12,23,5,en,"Fast delivery and the Dish arrived perfectly hot. Great job Cruz, Jackson and Kane!",2024-11-26
2096,2096,451,8,21,4,en,Fast delivery and the order arrived perfectly hot. Great job Bell-Jimenez!,2023-07-03
2097,2097,321,24,34,1,en,"Bell, Williamson and Duncan used to be reliable but the last few orders have been late and the Waldorf Salad portion has shrunk. Had to track down the courier ourselves, no updates on the app.",2022-12-18
2098,2098,15,31,5,3,en,"Johnson, Roberts and Smith got the order right this time, Napolitana was okay, packaging could be better.",2024-09-29
2099,2099,194,49,77,1,en,"The Greek Salad from Myers, Shelton and Garcia was soggy by the time it got to us. Not ordering from here again.",2022-07-08
2100,2100,179,15,12,2,en,Wrong items in the bag - we ordered Bacon Burger and got something else entirely. Refund requested. Courier was rude when we asked about the delay.,2024-12-22
2101,2101,238,27,69,3,en,"The Grilled Vegetable Skewers from Rodriguez-Murray was fine, nothing special. Delivery was on time at least.",2022-05-28
2102,2102,244,31,33,5,en,"Best Penne Arrabbiata in the area, hands down. Johnson, Roberts and Smith never disappoints.",2022-12-20
2103,2103,490,40,86,2,en,"Hawkins PLC used to be reliable but the last few orders have been late and the Ravioli Ricotta e Spinaci portion has shrunk. Had to track down the courier ourselves, no updates on the app.",2022-04-19
2104,2104,426,37,26,1,en,"Disappointed with Guzman, Brown and Larsen - the Greek Salad arrived cold and the order took much longer than promised. Courier was rude when we asked about the delay.",2022-08-30
2105,2105,116,43,11,4,en,"The Penne Arrabbiata from Arnold, Montgomery and Doyle was excellent and the courier was friendly and quick. Will order again!",2024-02-29
2106,2106,54,16,29,5,en,"The Quattro Formaggi from Nelson, Graham and Fields was excellent and the courier was friendly and quick. Will order again!",2022-07-23
2107,2107,364,30,86,4,en,"Best Dish in the area, hands down. Rodriguez, James and Frank never disappoints.",2023-07-24
2108,2108,168,28,48,4,en,Really happy with this order - Pepperoni was fresh and the courier kept us updated the whole way.,2022-06-09
2109,2109,464,25,81,1,en,Disappointed with Hill-Mckay - the Caprese Salad arrived cold and the order took much longer than promised. Courier was rude when we asked about the delay.,2024-05-20
2110,2110,74,41,5,4,en,"The Dish from Peters, Golden and Ballard was excellent and the courier was friendly and quick. Will order again! Courier was polite and on time.",2022-06-30
2111,2111,293,31,62,1,en,"Disappointed with Johnson, Roberts and Smith - the Dish arrived cold and the order took much longer than promised.",2022-07-27
2112,2112,110,30,80,3,en,"Delivery took about as long as the app estimated. Dish tasted fine, would order again if nothing closer is open.",2023-08-23
2113,2113,144,42,99,3,en,"Olson-Estrada got the order right this time, Dish was okay, packaging could be better.",2024-10-12
2114,2114,131,22,63,5,en,"Five stars. Sanders, Smith and Smith nailed the Caesar Salad again, still hot and packed carefully.",2023-05-16
2115,2115,439,22,98,1,en,"The Tagliatelle al Ragù from Sanders, Smith and Smith was soggy by the time it got to us. Not ordering from here again.",2022-10-17
2116,2116,329,2,70,4,en,Really happy with this order - Tagliatelle al Ragù was fresh and the courier kept us updated the whole way.,2022-04-15
2117,2117,62,36,92,2,en,Wrong items in the bag - we ordered Falafel Bowl and got something else entirely. Refund requested. Courier was rude when we asked about the delay.,2022-05-22
2118,2118,232,28,71,3,en,"Combs-Stone got the order right this time, Pepperoni was okay, packaging could be better.",2024-11-28
2119,2119,204,33,25,4,en,"Five stars. Murphy and Sons nailed the Prosciutto e Funghi again, still hot and packed carefully.",2024-07-12
2120,2120,102,47,96,5,en,"Five stars. Herman-Williams nailed the Apple Strudel again, still hot and packed carefully. Courier was polite and on time.",2023-08-03
2121,2121,441,34,68,2,en,Houston Inc used to be reliable but the last few orders have been late and the Vegan Buddha Bowl portion has shrunk.,2024-05-30
2122,2122,118,45,68,1,en,Order was late and the courier never called when they couldn't find our building. BBQ Burger was barely warm.,2023-02-18
2123,2123,85,41,82,1,en,Order was late and the courier never called when they couldn't find our building. Classic Cheeseburger was barely warm. Courier was rude when we asked about the delay.,2022-09-08
2124,2124,483,40,55,4,en,"Really happy with this order - Falafel Bowl was fresh and the courier kept us updated the whole way. Delivery driver even called ahead, nice touch.",2022-11-02
2125,2125,200,34,54,2,en,The Vegan Buddha Bowl from Houston Inc was soggy by the time it got to us. Not ordering from here again.,2023-05-30
2126,2126,481,20,1,3,en,Average experience. Chocolate Brownie was decent but a bit pricey for the portion size.,2022-10-05
2127,2127,473,47,79,1,en,Order was late and the courier never called when they couldn't find our building. Cobb Salad was barely warm.,2024-11-17
2128,2128,72,10,62,4,en,Fast delivery and the Prosciutto e Funghi arrived perfectly hot. Great job Miles Group!,2024-04-21
2129,2129,403,11,83,5,en,The Veggie Burger from Dominguez-Short was excellent and the courier was friendly and quick. Will order again!,2023-03-07
2130,2130,428,23,10,5,en,"Best Tiramisu in the area, hands down. Ellis, Parks and Jimenez never disappoints.",2024-11-23
2131,2131,458,26,16,5,en,"Five stars. Lang PLC nailed the Fettuccine Alfredo again, still hot and packed carefully. Courier was polite and on time.",2024-11-02
2132,2132,228,10,87,2,en,Disappointed with Miles Group - the Dish arrived cold and the order took much longer than promised.,2024-04-16
2133,2133,61,34,40,3,en,Average experience. Prosciutto e Funghi was decent but a bit pricey for the portion size.,2022-04-24
2134,2134,339,29,39,3,en,Average experience. Mushroom Swiss Burger was decent but a bit pricey for the portion size.,2023-08-20
2135,2135,37,49,93,4,en,"Five stars. Myers, Shelton and Garcia nailed the Ravioli Ricotta e Spinaci again, still hot and packed carefully. Delivery driver even called ahead, nice touch.",2024-08-17
2136,2136,430,17,15,3,en,"The Classic Cheeseburger from Rojas-Tanner was fine, nothing special. Delivery was on time at least.",2023-05-30
2137,2137,355,32,98,4,en,Really happy with this order - Lasagna was fresh and the courier kept us updated the whole way.,2022-09-04
2138,2138,375,39,77,2,en,"Order was late and the courier never called when they couldn't find our building. Cobb Salad was barely warm. Had to track down the courier ourselves, no updates on the app.",2022-09-25
2139,2139,494,28,54,5,en,Really happy with this order - Crème Brûlée was fresh and the courier kept us updated the whole way.,2023-12-02
2140,2140,376,18,33,5,en,"Fast delivery and the Penne Arrabbiata arrived perfectly hot. Great job Hensley, Johnson and Adams!",2023-07-13
2141,2141,429,17,46,5,en,The Spaghetti Carbonara from Rojas-Tanner was excellent and the courier was friendly and quick. Will order again!,2022-01-18
2142,2142,300,32,29,4,en,"The Dish from Jackson, Bowman and Drake was excellent and the courier was friendly and quick. Will order again! Courier was polite and on time.",2023-04-21
2143,2143,400,46,63,1,en,Disappointed with Smith Group - the Cobb Salad arrived cold and the order took much longer than promised.,2023-10-27
2144,2144,266,43,49,1,en,Wrong items in the bag - we ordered Ravioli Ricotta e Spinaci and got something else entirely. Refund requested.,2023-10-22
2145,2145,49,8,98,3,en,"Bell-Jimenez got the order right this time, order was okay, packaging could be better.",2023-02-01
2146,2146,368,48,6,3,en,Average experience. Spaghetti Carbonara was decent but a bit pricey for the portion size.,2023-12-12
2147,2147,294,34,5,3,en,"Houston Inc got the order right this time, Prosciutto e Funghi was okay, packaging could be better.",2024-06-12
2148,2148,465,2,28,4,en,"Five stars. Jackson, Walters and Michael nailed the Tagliatelle al Ragù again, still hot and packed carefully.",2022-07-21
2149,2149,150,27,4,1,en,"Rodriguez-Murray used to be reliable but the last few orders have been late and the Grilled Vegetable Skewers portion has shrunk. Had to track down the courier ourselves, no updates on the app.",2024-07-20
2150,2150,420,44,45,2,en,"Wrong items in the bag - we ordered Tiramisu and got something else entirely. Refund requested. Had to track down the courier ourselves, no updates on the app.",2024-12-03
2151,2151,229,4,42,5,en,"Best Diavola in the area, hands down. Howell Group never disappoints.",2024-02-08
2152,2152,108,36,99,2,en,Order was late and the courier never called when they couldn't find our building. Falafel Bowl was barely warm. Courier was rude when we asked about the delay.,2023-12-14
2153,2153,400,12,64,3,en,Average experience. Ravioli Ricotta e Spinaci was decent but a bit pricey for the portion size.,2023-01-03
2154,2154,413,15,41,2,en,Cooper and Sons used to be reliable but the last few orders have been late and the Margherita portion has shrunk. Courier was rude when we asked about the delay.,2022-04-25
2155,2155,208,21,80,4,en,"Five stars. Duran PLC nailed the Quattro Formaggi again, still hot and packed carefully. Delivery driver even called ahead, nice touch.",2023-12-04
2156,2156,136,46,63,1,en,Order was late and the courier never called when they couldn't find our building. Cobb Salad was barely warm.,2023-01-05
2157,2157,387,11,22,5,en,The Tofu Stir-Fry from Dominguez-Short was excellent and the courier was friendly and quick. Will order again!,2022-01-20
2158,2158,159,33,90,4,en,The Double Beef Burger from Murphy and Sons was excellent and the courier was friendly and quick. Will order again!,2023-09-07
2159,2159,204,40,90,4,en,"Five stars. Hawkins PLC nailed the Ravioli Ricotta e Spinaci again, still hot and packed carefully.",2022-08-06
2160,2160,307,43,52,5,en,"Fast delivery and the Penne Arrabbiata arrived perfectly hot. Great job Arnold, Montgomery and Doyle!",2022-06-11
2161,2161,182,26,18,2,en,Disappointed with Lang PLC - the Dish arrived cold and the order took much longer than promised. Courier was rude when we asked about the delay.,2022-04-26
2162,2162,292,6,42,3,en,"Delivery took about as long as the app estimated. Tiramisu tasted fine, would order again if nothing closer is open.",2023-05-03
2163,2163,281,10,86,3,en,"The Dish from Miles Group was fine, nothing special. Delivery was on time at least.",2022-01-29
2164,2164,113,16,29,2,en,"The Lasagna from Nelson, Graham and Fields was soggy by the time it got to us. Not ordering from here again.",2023-12-15
2165,2165,7,19,32,5,en,"Five stars. Thomas-Williamson nailed the Grilled Vegetable Skewers again, still hot and packed carefully.",2024-07-28
2166,2166,213,36,71,1,en,Wrong items in the bag - we ordered Falafel Bowl and got something else entirely. Refund requested.,2022-08-02
2167,2167,298,26,81,3,en,Average experience. Fettuccine Alfredo was decent but a bit pricey for the portion size.,2024-08-31
2168,2168,134,46,47,1,en,Disappointed with Smith Group - the Classic Cheeseburger arrived cold and the order took much longer than promised.,2023-04-20
2169,2169,164,35,46,5,en,The Caprese Salad from Ross Group was excellent and the courier was friendly and quick. Will order again!,2024-11-16
2170,2170,441,45,32,2,en,The Crème Brûlée from Tran Group was soggy by the time it got to us. Not ordering from here again. Courier was rude when we asked about the delay.,2023-09-28
2171,2171,363,31,69,4,en,Really happy with this order - Dish was fresh and the courier kept us updated the whole way.,2022-04-25
2172,2172,179,46,90,1,en,The Pepperoni from Smith Group was soggy by the time it got to us. Not ordering from here again.,2024-12-06
2173,2173,138,37,7,1,en,"The Dish from Guzman, Brown and Larsen was soggy by the time it got to us. Not ordering from here again.",2023-11-12
2174,2174,224,5,22,1,en,Order was late and the courier never called when they couldn't find our building. Dish was barely warm.,2023-09-07
2175,2175,245,46,19,1,en,The Classic Cheeseburger from Smith Group was soggy by the time it got to us. Not ordering from here again.,2024-01-21
2176,2176,142,37,33,1,en,"Disappointed with Guzman, Brown and Larsen - the Dish arrived cold and the order took much longer than promised. Courier was rude when we asked about the delay.",2024-02-25
2177,2177,361,49,18,1,en,"The Greek Salad from Myers, Shelton and Garcia was soggy by the time it got to us. Not ordering from here again.",2022-08-26
2178,2178,276,45,87,1,en,Tran Group used to be reliable but the last few orders have been late and the Double Beef Burger portion has shrunk. Courier was rude when we asked about the delay.,2022-12-31
2179,2179,74,50,70,3,en,"The Dish from Kelly, Harris and Pruitt was fine, nothing special. Delivery was on time at least.",2023-10-06
2180,2180,28,46,97,4,en,Fast delivery and the Classic Cheeseburger arrived perfectly hot. Great job Smith Group!,2023-10-09
2181,2181,33,34,53,1,en,Disappointed with Houston Inc - the Prosciutto e Funghi arrived cold and the order took much longer than promised. Courier was rude when we asked about the delay.,2024-03-14
2182,2182,397,49,23,4,en,"Really happy with this order - Greek Salad was fresh and the courier kept us updated the whole way. Delivery driver even called ahead, nice touch.",2022-02-03
2183,2183,62,22,12,1,en,"The Spaghetti Carbonara from Sanders, Smith and Smith was soggy by the time it got to us. Not ordering from here again.",2024-11-06
2184,2184,196,45,61,5,en,"Five stars. Tran Group nailed the BBQ Burger again, still hot and packed carefully.",2024-07-17
2185,2185,160,23,23,4,en,"Best Bacon Burger in the area, hands down. Ellis, Parks and Jimenez never disappoints.",2023-04-19
2186,2186,47,12,34,2,en,"Disappointed with Cruz, Jackson and Kane - the Ravioli Ricotta e Spinaci arrived cold and the order took much longer than promised. Had to track down the courier ourselves, no updates on the app.",2022-08-11
2187,2187,325,6,44,5,en,"Fast delivery and the Crème Brûlée arrived perfectly hot. Great job Neal, Gomez and Watkins!",2024-04-04
2188,2188,11,39,8,3,en,Average experience. Cobb Salad was decent but a bit pricey for the portion size.,2022-03-09
2189,2189,87,1,68,3,en,"Delivery took about as long as the app estimated. Dish tasted fine, would order again if nothing closer is open.",2022-01-06
2190,2190,15,37,73,5,en,"Five stars. Guzman, Brown and Larsen nailed the Greek Salad again, still hot and packed carefully.",2024-08-01
2191,2191,326,40,64,5,en,Really happy with this order - Caprese Salad was fresh and the courier kept us updated the whole way.,2023-08-12
2192,2192,447,44,20,1,en,Whitaker-Paul used to be reliable but the last few orders have been late and the Penne Arrabbiata portion has shrunk. Courier was rude when we asked about the delay.,2023-02-17
2193,2193,362,50,23,2,en,Wrong items in the bag - we ordered Caesar Salad and got something else entirely. Refund requested.,2022-06-13
2194,2194,319,3,69,1,en,"Garcia, Pena and Adams used to be reliable but the last few orders have been late and the Ravioli Ricotta e Spinaci portion has shrunk.",2024-06-05
2195,2195,56,23,88,2,en,Wrong items in the bag - we ordered Bacon Burger and got something else entirely. Refund requested.,2023-10-11
2196,2196,255,13,78,1,en,Wrong items in the bag - we ordered Diavola and got something else entirely. Refund requested.,2024-12-30
2197,2197,476,43,71,1,en,"Disappointed with Arnold, Montgomery and Doyle - the Dish arrived cold and the order took much longer than promised. Had to track down the courier ourselves, no updates on the app.",2024-05-09
2198,2198,284,5,44,5,en,"Really happy with this order - Dish was fresh and the courier kept us updated the whole way. Delivery driver even called ahead, nice touch.",2023-02-05
2199,2199,97,26,6,5,en,"Best Fettuccine Alfredo in the area, hands down. Lang PLC never disappoints. Delivery driver even called ahead, nice touch.",2022-03-06
2200,2200,363,49,76,2,en,Order was late and the courier never called when they couldn't find our building. Cheesecake was barely warm.,2024-07-20
2201,2201,336,21,68,2,en,The Quattro Formaggi from Duran PLC was soggy by the time it got to us. Not ordering from here again.,2023-09-23
2202,2202,202,49,70,5,en,"Five stars. Myers, Shelton and Garcia nailed the Ravioli Ricotta e Spinaci again, still hot and packed carefully.",2022-08-11
2203,2203,230,49,26,3,en,Average experience. Ravioli Ricotta e Spinaci was decent but a bit pricey for the portion size.,2024-11-03
2204,2204,223,25,11,4,en,Really happy with this order - Greek Salad was fresh and the courier kept us updated the whole way.,2022-01-29
2205,2205,288,31,79,5,en,"Five stars. Johnson, Roberts and Smith nailed the Dish again, still hot and packed carefully.",2022-12-04
2206,2206,358,4,68,5,en,"Best Quattro Formaggi in the area, hands down. Howell Group never disappoints.",2022-07-27
2207,2207,457,38,96,1,en,The Bacon Burger from Nelson LLC was soggy by the time it got to us. Not ordering from here again. Courier was rude when we asked about the delay.,2023-08-19
2208,2208,25,35,4,5,en,"Five stars. Ross Group nailed the Cobb Salad again, still hot and packed carefully. Delivery driver even called ahead, nice touch.",2024-11-27
2209,2209,181,35,7,4,en,Really happy with this order - Cobb Salad was fresh and the courier kept us updated the whole way.,2024-08-15
2210,2210,435,12,66,4,en,"Best Dish in the area, hands down. Cruz, Jackson and Kane never disappoints. Delivery driver even called ahead, nice touch.",2024-01-17
2211,2211,51,30,24,2,en,"The Waldorf Salad from Rodriguez, James and Frank was soggy by the time it got to us. Not ordering from here again.",2024-02-20
2212,2212,105,32,27,2,en,Wrong items in the bag - we ordered Dish and got something else entirely. Refund requested. Courier was rude when we asked about the delay.,2023-12-04
2213,2213,473,25,27,2,en,Order was late and the courier never called when they couldn't find our building. Penne Arrabbiata was barely warm.,2022-05-11
2214,2214,464,16,85,1,en,Wrong items in the bag - we ordered Lasagna and got something else entirely. Refund requested.,2024-12-15
2215,2215,191,26,6,1,en,Order was late and the courier never called when they couldn't find our building. Dish was barely warm.,2022-06-07
2216,2216,343,17,55,3,en,"Delivery took about as long as the app estimated. Dish tasted fine, would order again if nothing closer is open.",2023-09-20
2217,2217,482,42,95,3,en,"Olson-Estrada got the order right this time, Diavola was okay, packaging could be better.",2023-03-25
2218,2218,422,27,49,5,en,"Best Caprese Salad in the area, hands down. Rodriguez-Murray never disappoints. Courier was polite and on time.",2024-07-12
2219,2219,130,39,2,1,en,"Meyer-Carrillo used to be reliable but the last few orders have been late and the Cobb Salad portion has shrunk. Had to track down the courier ourselves, no updates on the app.",2024-02-01
2220,2220,393,29,17,4,en,"Fast delivery and the Ravioli Ricotta e Spinaci arrived perfectly hot. Great job Cooper, Ross and Perkins!",2024-01-26
2221,2221,59,8,21,4,en,The order from Bell-Jimenez was excellent and the courier was friendly and quick. Will order again!,2022-03-14
2222,2222,86,48,33,2,en,The Dish from Williams LLC was soggy by the time it got to us. Not ordering from here again.,2024-02-26
2223,2223,275,19,37,4,en,"Five stars. Thomas-Williamson nailed the BBQ Burger again, still hot and packed carefully.",2022-10-14
2224,2224,422,13,12,3,en,"Delivery took about as long as the app estimated. Chocolate Brownie tasted fine, would order again if nothing closer is open.",2024-07-19
2225,2225,266,3,61,3,en,"Garcia, Pena and Adams got the order right this time, Fettuccine Alfredo was okay, packaging could be better.",2022-05-01
2226,2226,427,25,24,4,en,The Caesar Salad from Hill-Mckay was excellent and the courier was friendly and quick. Will order again!,2024-04-17
2227,2227,224,40,48,1,en,Wrong items in the bag - we ordered Cheesecake and got something else entirely. Refund requested.,2024-03-20
2228,2228,394,3,85,5,en,"The Cobb Salad from Garcia, Pena and Adams was excellent and the courier was friendly and quick. Will order again!",2024-04-23
2229,2229,372,21,6,2,en,Disappointed with Duran PLC - the Quattro Formaggi arrived cold and the order took much longer than promised.,2022-01-16
2230,2230,441,17,23,2,en,Wrong items in the bag - we ordered Dish and got something else entirely. Refund requested.,2023-05-25
2231,2231,195,10,38,1,en,The Fettuccine Alfredo from Miles Group was soggy by the time it got to us. Not ordering from here again.,2022-03-12
2232,2232,100,22,85,5,en,"The Caesar Salad from Sanders, Smith and Smith was excellent and the courier was friendly and quick. Will order again!",2022-01-31
2233,2233,432,16,78,5,en,"The Dish from Nelson, Graham and Fields was excellent and the courier was friendly and quick. Will order again!",2022-11-14
2234,2234,281,21,8,2,en,"Order was late and the courier never called when they couldn't find our building. Quattro Formaggi was barely warm. Had to track down the courier ourselves, no updates on the app.",2024-01-24
2235,2235,274,2,80,2,en,"Jackson, Walters and Michael used to be reliable but the last few orders have been late and the Tagliatelle al Ragù portion has shrunk.",2024-03-05
2236,2236,20,10,14,1,en,Wrong items in the bag - we ordered Dish and got something else entirely. Refund requested. Courier was rude when we asked about the delay.,2022-09-17
2237,2237,289,4,50,4,en,Really happy with this order - Quattro Formaggi was fresh and the courier kept us updated the whole way.,2022-05-15
2238,2238,19,37,70,2,en,"The Dish from Guzman, Brown and Larsen was soggy by the time it got to us. Not ordering from here again.",2022-01-25
2239,2239,331,25,37,1,en,The Greek Salad from Hill-Mckay was soggy by the time it got to us. Not ordering from here again.,2023-11-08
2240,2240,122,44,63,5,en,Fast delivery and the Tiramisu arrived perfectly hot. Great job Whitaker-Paul!,2022-10-05
2241,2241,471,10,59,4,en,"Really happy with this order - Prosciutto e Funghi was fresh and the courier kept us updated the whole way. Delivery driver even called ahead, nice touch.",2024-08-21
2242,2242,147,41,94,3,en,"Peters, Golden and Ballard got the order right this time, Lasagna was okay, packaging could be better.",2024-11-21
2243,2243,452,11,48,1,en,"Disappointed with Dominguez-Short - the Veggie Burger arrived cold and the order took much longer than promised. Had to track down the courier ourselves, no updates on the app.",2023-04-22
2244,2244,22,30,53,4,en,"Fast delivery and the Dish arrived perfectly hot. Great job Rodriguez, James and Frank!",2024-08-25
2245,2245,65,41,46,4,en,"Fast delivery and the Spaghetti Carbonara arrived perfectly hot. Great job Peters, Golden and Ballard!",2024-10-30
2246,2246,236,47,58,1,en,Herman-Williams used to be reliable but the last few orders have been late and the Cobb Salad portion has shrunk.,2024-11-09
2247,2247,173,21,86,2,en,Disappointed with Duran PLC - the Crème Brûlée arrived cold and the order took much longer than promised.,2022-05-28
2248,2248,126,14,92,1,en,Wrong items in the bag - we ordered order and got something else entirely. Refund requested.,2023-09-18
2249,2249,281,49,53,2,en,"Myers, Shelton and Garcia used to be reliable but the last few orders have been late and the Chocolate Brownie portion has shrunk.",2023-12-09
2250,2250,73,31,14,2,en,"The Penne Arrabbiata from Johnson, Roberts and Smith was soggy by the time it got to us. Not ordering from here again. Had to track down the courier ourselves, no updates on the app.",2023-12-16
2251,2251,212,4,26,4,en,"Best Quattro Formaggi in the area, hands down. Howell Group never disappoints.",2023-01-08
2252,2252,197,34,56,3,en,Average experience. Vegan Buddha Bowl was decent but a bit pricey for the portion size.,2024-10-30
2253,2253,106,25,73,1,en,Wrong items in the bag - we ordered Penne Arrabbiata and got something else entirely. Refund requested.,2022-07-10
2254,2254,206,37,26,4,en,"Best Dish in the area, hands down. Guzman, Brown and Larsen never disappoints. Courier was polite and on time.",2023-03-29
2255,2255,445,48,17,5,en,Fast delivery and the Lentil Soup arrived perfectly hot. Great job Williams LLC!,2022-12-14
2256,2256,322,3,87,2,en,Order was late and the courier never called when they couldn't find our building. Fettuccine Alfredo was barely warm.,2024-05-12
2257,2257,5,4,43,4,en,"Best Diavola in the area, hands down. Howell Group never disappoints. Courier was polite and on time.",2022-12-11
2258,2258,381,10,28,5,en,Really happy with this order - Dish was fresh and the courier kept us updated the whole way.,2024-07-11
2259,2259,466,21,75,2,en,Wrong items in the bag - we ordered Dish and got something else entirely. Refund requested.,2023-06-05
2260,2260,156,7,72,3,en,Average experience. Panna Cotta was decent but a bit pricey for the portion size.,2024-09-16
2261,2261,213,8,69,5,en,Really happy with this order - order was fresh and the courier kept us updated the whole way.,2023-03-29
2262,2262,241,45,36,5,en,The Waldorf Salad from Tran Group was excellent and the courier was friendly and quick. Will order again!,2024-07-20
2263,2263,340,10,57,1,en,Disappointed with Miles Group - the Dish arrived cold and the order took much longer than promised.,2024-04-11
2264,2264,243,25,62,4,en,"Best Tagliatelle al Ragù in the area, hands down. Hill-Mckay never disappoints. Courier was polite and on time.",2024-04-22
2265,2265,300,37,24,4,en,"Best Dish in the area, hands down. Guzman, Brown and Larsen never disappoints.",2024-09-07
2266,2266,291,23,44,4,en,"Best Dish in the area, hands down. Ellis, Parks and Jimenez never disappoints. Delivery driver even called ahead, nice touch.",2024-08-31
2267,2267,70,40,39,3,en,"The Chocolate Brownie from Hawkins PLC was fine, nothing special. Delivery was on time at least.",2023-03-10
2268,2268,479,43,26,1,en,"Wrong items in the bag - we ordered Falafel Bowl and got something else entirely. Refund requested. Had to track down the courier ourselves, no updates on the app.",2022-12-19
2269,2269,309,32,3,2,en,"Disappointed with Jackson, Bowman and Drake - the Dish arrived cold and the order took much longer than promised.",2024-09-03
2270,2270,187,17,25,2,en,The Spaghetti Carbonara from Rojas-Tanner was soggy by the time it got to us. Not ordering from here again.,2022-11-05
2271,2271,251,21,22,2,en,Order was late and the courier never called when they couldn't find our building. Crème Brûlée was barely warm.,2023-12-16
2272,2272,230,28,44,5,en,Fast delivery and the Crème Brûlée arrived perfectly hot. Great job Combs-Stone! Courier was polite and on time.,2022-10-27
2273,2273,42,22,71,1,en,"The Caesar Salad from Sanders, Smith and Smith was soggy by the time it got to us. Not ordering from here again. Courier was rude when we asked about the delay.",2022-05-27
2274,2274,294,2,39,5,en,"The Tagliatelle al Ragù from Jackson, Walters and Michael was excellent and the courier was friendly and quick. Will order again! Delivery driver even called ahead, nice touch.",2022-08-10
2275,2275,199,3,89,2,en,"Garcia, Pena and Adams used to be reliable but the last few orders have been late and the Cobb Salad portion has shrunk. Had to track down the courier ourselves, no updates on the app.",2022-10-27
2276,2276,188,33,55,2,en,Order was late and the courier never called when they couldn't find our building. Double Beef Burger was barely warm.,2024-02-17
2277,2277,369,17,71,3,en,"Delivery took about as long as the app estimated. Dish tasted fine, would order again if nothing closer is open.",2023-06-23
2278,2278,468,29,86,2,en,Order was late and the courier never called when they couldn't find our building. Bacon Burger was barely warm.,2024-06-03
2279,2279,459,8,3,5,en,"Five stars. Bell-Jimenez nailed the order again, still hot and packed carefully. Delivery driver even called ahead, nice touch.",2024-06-05
2280,2280,39,12,48,2,en,"Order was late and the courier never called when they couldn't find our building. Dish was barely warm. Had to track down the courier ourselves, no updates on the app.",2022-06-18
2281,2281,443,5,2,4,en,"Fast delivery and the Dish arrived perfectly hot. Great job Wallace, Ortiz and Murray!",2024-03-18
2282,2282,37,10,75,4,en,Fast delivery and the Dish arrived perfectly hot. Great job Miles Group!,2024-11-27
2283,2283,448,22,86,1,en,"Sanders, Smith and Smith used to be reliable but the last few orders have been late and the Diavola portion has shrunk.",2023-11-04
2284,2284,72,13,96,2,en,Order was late and the courier never called when they couldn't find our building. Diavola was barely warm. Courier was rude when we asked about the delay.,2022-07-26
2285,2285,222,44,30,4,en,Really happy with this order - Ravioli Ricotta e Spinaci was fresh and the courier kept us updated the whole way.,2022-02-26
2286,2286,165,41,68,5,en,"Fast delivery and the Lasagna arrived perfectly hot. Great job Peters, Golden and Ballard!",2023-06-09
2287,2287,254,39,91,2,en,Wrong items in the bag - we ordered Veggie Burger and got something else entirely. Refund requested. Courier was rude when we asked about the delay.,2023-06-01
2288,2288,95,33,1,4,en,The Prosciutto e Funghi from Murphy and Sons was excellent and the courier was friendly and quick. Will order again!,2022-07-12
2289,2289,74,35,74,5,en,Fast delivery and the Caprese Salad arrived perfectly hot. Great job Ross Group!,2024-02-08
2290,2290,96,21,97,3,en,"The Crème Brûlée from Duran PLC was fine, nothing special. Delivery was on time at least.",2022-06-30
2291,2291,212,33,82,5,en,Really happy with this order - Double Beef Burger was fresh and the courier kept us updated the whole way.,2022-08-28
2292,2292,377,16,68,5,en,"Five stars. Nelson, Graham and Fields nailed the Classic Cheeseburger again, still hot and packed carefully.",2023-12-21
2293,2293,387,11,9,5,en,Really happy with this order - Dish was fresh and the courier kept us updated the whole way. Courier was polite and on time.,2022-03-11
2294,2294,31,40,97,3,en,Average experience. Ravioli Ricotta e Spinaci was decent but a bit pricey for the portion size.,2022-03-30
2295,2295,382,44,12,2,en,The Tiramisu from Whitaker-Paul was soggy by the time it got to us. Not ordering from here again. Courier was rude when we asked about the delay.,2023-10-09
2296,2296,349,39,87,2,en,Wrong items in the bag - we ordered Veggie Burger and got something else entirely. Refund requested. Courier was rude when we asked about the delay.,2023-09-16
2297,2297,184,48,62,3,en,"The Dish from Williams LLC was fine, nothing special. Delivery was on time at least.",2023-07-02
2298,2298,280,48,25,2,en,"Wrong items in the bag - we ordered Spaghetti Carbonara and got something else entirely. Refund requested. Had to track down the courier ourselves, no updates on the app.",2023-10-08
2299,2299,181,27,60,5,en,The Grilled Vegetable Skewers from Rodriguez-Murray was excellent and the courier was friendly and quick. Will order again!,2022-12-23
2300,2300,445,30,58,4,en,"Best Tagliatelle al Ragù in the area, hands down. Rodriguez, James and Frank never disappoints.",2022-06-08
2301,2301,487,2,18,3,en,Average experience. Dish was decent but a bit pricey for the portion size.,2023-02-25
2302,2302,188,1,56,3,en,"The Dish from Williams, Campos and Cummings was fine, nothing special. Delivery was on time at least.",2024-09-19
2303,2303,485,12,28,3,en,"The Dish from Cruz, Jackson and Kane was fine, nothing special. Delivery was on time at least.",2022-01-19
2304,2304,139,22,26,5,en,Really happy with this order - Caesar Salad was fresh and the courier kept us updated the whole way.,2023-06-30
2305,2305,425,36,36,3,en,Average experience. Falafel Bowl was decent but a bit pricey for the portion size.,2022-07-30
2306,2306,223,11,63,2,en,Wrong items in the bag - we ordered Dish and got something else entirely. Refund requested.,2022-03-07
2307,2307,488,21,91,4,en,"Best Quattro Formaggi in the area, hands down. Duran PLC never disappoints.",2023-10-29
2308,2308,266,32,28,5,en,Really happy with this order - Lasagna was fresh and the courier kept us updated the whole way.,2023-06-24
2309,2309,82,22,81,4,en,"Five stars. Sanders, Smith and Smith nailed the Diavola again, still hot and packed carefully. Delivery driver even called ahead, nice touch.",2024-01-22
2310,2310,63,39,17,5,en,"Best Veggie Burger in the area, hands down. Meyer-Carrillo never disappoints.",2022-11-07
2311,2311,443,9,48,1,en,"Disappointed with Lowe, Ewing and Short - the Cheesecake arrived cold and the order took much longer than promised.",2024-12-02
2312,2312,229,24,54,1,en,"Bell, Williamson and Duncan used to be reliable but the last few orders have been late and the Diavola portion has shrunk.",2022-08-21
2313,2313,120,21,82,1,en,Duran PLC used to be reliable but the last few orders have been late and the Crème Brûlée portion has shrunk.,2024-05-15
2314,2314,407,22,90,3,en,"Delivery took about as long as the app estimated. Tagliatelle al Ragù tasted fine, would order again if nothing closer is open.",2024-09-17
2315,2315,294,15,91,2,en,"Cooper and Sons used to be reliable but the last few orders have been late and the Margherita portion has shrunk. Had to track down the courier ourselves, no updates on the app.",2023-11-01
2316,2316,289,31,3,2,en,"Disappointed with Johnson, Roberts and Smith - the Napolitana arrived cold and the order took much longer than promised. Courier was rude when we asked about the delay.",2023-07-16
2317,2317,385,10,80,1,en,Miles Group used to be reliable but the last few orders have been late and the Fettuccine Alfredo portion has shrunk. Courier was rude when we asked about the delay.,2022-04-03
2318,2318,309,47,35,4,en,Fast delivery and the Cobb Salad arrived perfectly hot. Great job Herman-Williams!,2023-05-09
2319,2319,365,10,47,3,en,"Delivery took about as long as the app estimated. Dish tasted fine, would order again if nothing closer is open.",2023-06-06
2320,2320,2,21,46,1,en,Order was late and the courier never called when they couldn't find our building. Vegan Chili was barely warm.,2023-06-14
2321,2321,490,21,63,5,en,"Best Dish in the area, hands down. Duran PLC never disappoints.",2023-10-28
2322,2322,422,42,25,5,en,"Best BBQ Burger in the area, hands down. Olson-Estrada never disappoints.",2023-10-29
2323,2323,32,48,25,1,en,Order was late and the courier never called when they couldn't find our building. Spaghetti Carbonara was barely warm.,2024-05-26
2324,2324,405,25,55,3,en,"Delivery took about as long as the app estimated. Dish tasted fine, would order again if nothing closer is open.",2024-06-19
2325,2325,134,14,19,5,en,Really happy with this order - order was fresh and the courier kept us updated the whole way.,2022-01-28
2326,2326,189,30,100,4,en,"Fast delivery and the Tagliatelle al Ragù arrived perfectly hot. Great job Rodriguez, James and Frank!",2023-05-08
2327,2327,81,39,57,4,en,"Five stars. Meyer-Carrillo nailed the Cobb Salad again, still hot and packed carefully. Courier was polite and on time.",2022-04-30
2328,2328,142,13,91,1,en,Wrong items in the bag - we ordered Diavola and got something else entirely. Refund requested.,2023-05-12
2329,2329,66,21,3,3,en,"Delivery took about as long as the app estimated. Dish tasted fine, would order again if nothing closer is open.",2022-03-02
2330,2330,245,24,19,3,en,"Delivery took about as long as the app estimated. Waldorf Salad tasted fine, would order again if nothing closer is open.",2024-07-01
2331,2331,14,41,56,3,en,"Delivery took about as long as the app estimated. Dish tasted fine, would order again if nothing closer is open.",2022-12-22
2332,2332,314,49,5,5,en,"Five stars. Myers, Shelton and Garcia nailed the Greek Salad again, still hot and packed carefully.",2022-11-09
2333,2333,29,47,92,1,en,Order was late and the courier never called when they couldn't find our building. Cobb Salad was barely warm.,2022-05-27
2334,2334,72,10,14,4,en,The Grilled Vegetable Skewers from Miles Group was excellent and the courier was friendly and quick. Will order again! Courier was polite and on time.,2022-07-01
2335,2335,387,24,46,2,en,Wrong items in the bag - we ordered Diavola and got something else entirely. Refund requested.,2022-04-01
2336,2336,253,26,70,4,en,The Dish from Lang PLC was excellent and the courier was friendly and quick. Will order again!,2023-08-02
2337,2337,80,36,12,5,en,"Best Falafel Bowl in the area, hands down. Sanders LLC never disappoints.",2023-05-08
2338,2338,117,16,8,4,en,"Five stars. Nelson, Graham and Fields nailed the Classic Cheeseburger again, still hot and packed carefully.",2024-01-20
2339,2339,330,45,29,5,en,The Double Beef Burger from Tran Group was excellent and the courier was friendly and quick. Will order again! Courier was polite and on time.,2022-02-19
2340,2340,487,10,18,1,en,"Disappointed with Miles Group - the Dish arrived cold and the order took much longer than promised. Had to track down the courier ourselves, no updates on the app.",2022-12-18
2341,2341,344,26,3,2,en,Order was late and the courier never called when they couldn't find our building. Dish was barely warm.,2024-04-20
2342,2342,343,46,90,3,en,"The Classic Cheeseburger from Smith Group was fine, nothing special. Delivery was on time at least.",2023-08-27
2343,2343,302,3,27,5,en,"Best Fettuccine Alfredo in the area, hands down. Garcia, Pena and Adams never disappoints.",2023-10-04
2344,2344,360,6,75,1,en,Order was late and the courier never called when they couldn't find our building. Caprese Salad was barely warm.,2023-07-16
2345,2345,109,10,69,2,en,Miles Group used to be reliable but the last few orders have been late and the Dish portion has shrunk.,2024-10-01
2346,2346,285,24,66,1,en,"Bell, Williamson and Duncan used to be reliable but the last few orders have been late and the Waldorf Salad portion has shrunk. Courier was rude when we asked about the delay.",2022-06-27
2347,2347,132,22,26,3,en,"Sanders, Smith and Smith got the order right this time, Tagliatelle al Ragù was okay, packaging could be better.",2024-09-11
2348,2348,334,19,58,4,en,Really happy with this order - Lentil Soup was fresh and the courier kept us updated the whole way.,2023-05-07
2349,2349,105,12,15,2,en,"Cruz, Jackson and Kane used to be reliable but the last few orders have been late and the Dish portion has shrunk.",2023-03-03
2350,2350,478,14,26,4,en,Really happy with this order - order was fresh and the courier kept us updated the whole way.,2024-03-20
2351,2351,346,14,76,2,en,The order from Jensen-Watkins was soggy by the time it got to us. Not ordering from here again. Courier was rude when we asked about the delay.,2023-02-01
2352,2352,321,15,73,1,en,Cooper and Sons used to be reliable but the last few orders have been late and the Bacon Burger portion has shrunk. Courier was rude when we asked about the delay.,2022-08-29
2353,2353,7,14,24,4,en,"Five stars. Jensen-Watkins nailed the order again, still hot and packed carefully.",2022-08-15
2354,2354,168,30,51,2,en,"Rodriguez, James and Frank used to be reliable but the last few orders have been late and the Dish portion has shrunk.",2024-04-09
2355,2355,288,39,37,4,en,"Best Veggie Burger in the area, hands down. Meyer-Carrillo never disappoints.",2024-07-28
2356,2356,316,7,1,4,en,Really happy with this order - Tiramisu was fresh and the courier kept us updated the whole way.,2023-11-13
2357,2357,477,1,39,1,en,Order was late and the courier never called when they couldn't find our building. Lasagna was barely warm.,2023-02-25
2358,2358,28,24,28,2,en,"Bell, Williamson and Duncan used to be reliable but the last few orders have been late and the Waldorf Salad portion has shrunk.",2022-07-30
2359,2359,449,24,10,2,en,"The Diavola from Bell, Williamson and Duncan was soggy by the time it got to us. Not ordering from here again.",2023-04-06
2360,2360,395,3,16,2,en,Order was late and the courier never called when they couldn't find our building. Pepperoni was barely warm.,2022-06-08
2361,2361,62,41,96,3,en,Average experience. Lasagna was decent but a bit pricey for the portion size.,2024-05-18
2362,2362,8,8,12,5,en,"Best order in the area, hands down. Bell-Jimenez never disappoints.",2023-05-16
2363,2363,12,45,73,3,en,Average experience. Cheesecake was decent but a bit pricey for the portion size.,2022-03-12
2364,2364,34,26,87,1,en,Order was late and the courier never called when they couldn't find our building. Fettuccine Alfredo was barely warm. Courier was rude when we asked about the delay.,2022-02-03
2365,2365,426,30,53,5,en,"Best Dish in the area, hands down. Rodriguez, James and Frank never disappoints.",2024-12-02
2366,2366,33,50,36,1,en,"Order was late and the courier never called when they couldn't find our building. Dish was barely warm. Had to track down the courier ourselves, no updates on the app.",2022-11-07
2367,2367,411,18,4,2,en,"Hensley, Johnson and Adams used to be reliable but the last few orders have been late and the Cobb Salad portion has shrunk. Had to track down the courier ourselves, no updates on the app.",2022-10-29
2368,2368,354,29,1,5,en,"Five stars. Cooper, Ross and Perkins nailed the Dish again, still hot and packed carefully.",2022-02-20
2369,2369,488,45,63,3,en,"The Double Beef Burger from Tran Group was fine, nothing special. Delivery was on time at least.",2024-02-24
2370,2370,187,6,77,3,en,"Delivery took about as long as the app estimated. Caprese Salad tasted fine, would order again if nothing closer is open.",2023-05-19
2371,2371,84,24,85,5,en,"The Diavola from Bell, Williamson and Duncan was excellent and the courier was friendly and quick. Will order again!",2024-03-06
2372,2372,165,48,82,5,en,"Best Dish in the area, hands down. Williams LLC never disappoints. Courier was polite and on time.",2023-03-24
2373,2373,240,23,99,5,en,"Five stars. Ellis, Parks and Jimenez nailed the Tiramisu again, still hot and packed carefully.",2022-06-11
2374,2374,278,27,47,4,en,Fast delivery and the Grilled Vegetable Skewers arrived perfectly hot. Great job Rodriguez-Murray!,2022-04-05
2375,2375,171,23,83,4,en,"Five stars. Ellis, Parks and Jimenez nailed the Bacon Burger again, still hot and packed carefully.",2023-05-12
2376,2376,85,3,44,2,en,"Garcia, Pena and Adams used to be reliable but the last few orders have been late and the Falafel Bowl portion has shrunk.",2024-10-05
2377,2377,175,35,81,4,en,The Caprese Salad from Ross Group was excellent and the courier was friendly and quick. Will order again!,2024-07-23
2378,2378,423,45,51,5,en,"Five stars. Tran Group nailed the Waldorf Salad again, still hot and packed carefully.",2024-06-24
2379,2379,279,3,67,2,en,"Disappointed with Garcia, Pena and Adams - the Pepperoni arrived cold and the order took much longer than promised. Courier was rude when we asked about the delay.",2023-09-25
2380,2380,341,11,95,5,en,The Tofu Stir-Fry from Dominguez-Short was excellent and the courier was friendly and quick. Will order again!,2024-01-22
2381,2381,60,21,94,3,en,"Delivery took about as long as the app estimated. Crème Brûlée tasted fine, would order again if nothing closer is open.",2023-08-26
2382,2382,337,26,29,4,en,"Best Dish in the area, hands down. Lang PLC never disappoints. Delivery driver even called ahead, nice touch.",2023-01-20
2383,2383,385,7,29,5,en,"Fast delivery and the Panna Cotta arrived perfectly hot. Great job Castaneda, Day and Weaver!",2023-12-07
2384,2384,459,49,25,3,en,"The Ravioli Ricotta e Spinaci from Myers, Shelton and Garcia was fine, nothing special. Delivery was on time at least.",2022-01-01
2385,2385,254,10,10,3,en,Average experience. Dish was decent but a bit pricey for the portion size.,2024-11-07
2386,2386,156,14,70,1,en,The order from Jensen-Watkins was soggy by the time it got to us. Not ordering from here again.,2022-04-16
2387,2387,9,2,38,5,en,"Five stars. Jackson, Walters and Michael nailed the Tagliatelle al Ragù again, still hot and packed carefully. Delivery driver even called ahead, nice touch.",2022-08-18
2388,2388,130,29,16,2,en,"The Mushroom Swiss Burger from Cooper, Ross and Perkins was soggy by the time it got to us. Not ordering from here again.",2024-11-02
2389,2389,358,39,39,3,en,"Meyer-Carrillo got the order right this time, Cobb Salad was okay, packaging could be better.",2023-03-02
2390,2390,220,40,76,4,en,"Best Chocolate Brownie in the area, hands down. Hawkins PLC never disappoints. Courier was polite and on time.",2023-11-30
2391,2391,252,3,64,3,en,Average experience. Pepperoni was decent but a bit pricey for the portion size.,2023-01-22
2392,2392,243,25,97,1,en,"The Caesar Salad from Hill-Mckay was soggy by the time it got to us. Not ordering from here again. Had to track down the courier ourselves, no updates on the app.",2024-04-25
2393,2393,301,40,45,1,en,"Order was late and the courier never called when they couldn't find our building. Chocolate Brownie was barely warm. Had to track down the courier ourselves, no updates on the app.",2023-06-24
2394,2394,20,32,98,1,en,"Jackson, Bowman and Drake used to be reliable but the last few orders have been late and the Lasagna portion has shrunk.",2023-06-06
2395,2395,43,16,93,4,en,Really happy with this order - Lasagna was fresh and the courier kept us updated the whole way.,2023-11-24
2396,2396,195,48,44,2,en,Order was late and the courier never called when they couldn't find our building. Spaghetti Carbonara was barely warm.,2023-10-26
2397,2397,166,20,71,4,en,"Best Vegan Chili in the area, hands down. Garza-Shea never disappoints.",2024-07-27
2398,2398,211,7,2,4,en,Really happy with this order - Spaghetti Carbonara was fresh and the courier kept us updated the whole way.,2022-05-23
2399,2399,228,5,65,1,en,Wrong items in the bag - we ordered Dish and got something else entirely. Refund requested. Courier was rude when we asked about the delay.,2023-05-24
2400,2400,335,47,7,2,en,The Caesar Salad from Herman-Williams was soggy by the time it got to us. Not ordering from here again.,2023-10-06
2401,2401,90,29,38,5,en,Really happy with this order - Grilled Vegetable Skewers was fresh and the courier kept us updated the whole way.,2022-02-13
2402,2402,57,44,20,4,en,"Five stars. Whitaker-Paul nailed the Tagliatelle al Ragù again, still hot and packed carefully.",2022-08-07
2403,2403,3,25,100,2,en,Wrong items in the bag - we ordered Crème Brûlée and got something else entirely. Refund requested.,2024-09-21
2404,2404,155,12,29,3,en,Average experience. Ravioli Ricotta e Spinaci was decent but a bit pricey for the portion size.,2024-08-08
2405,2405,366,29,90,4,en,"The Grilled Vegetable Skewers from Cooper, Ross and Perkins was excellent and the courier was friendly and quick. Will order again!",2022-04-23
2406,2406,380,39,73,4,en,Fast delivery and the Cobb Salad arrived perfectly hot. Great job Meyer-Carrillo!,2023-04-29
2407,2407,221,2,91,4,en,"Fast delivery and the Dish arrived perfectly hot. Great job Jackson, Walters and Michael!",2024-09-11
2408,2408,279,7,54,1,en,Order was late and the courier never called when they couldn't find our building. Panna Cotta was barely warm.,2022-02-09
2409,2409,360,28,9,1,en,Wrong items in the bag - we ordered Tagliatelle al Ragù and got something else entirely. Refund requested.,2022-04-07
2410,2410,206,33,32,2,en,Wrong items in the bag - we ordered Double Beef Burger and got something else entirely. Refund requested.,2022-05-15
2411,2411,293,12,86,3,en,"The Dish from Cruz, Jackson and Kane was fine, nothing special. Delivery was on time at least.",2023-05-05
2412,2412,286,17,62,5,en,The Dish from Rojas-Tanner was excellent and the courier was friendly and quick. Will order again!,2024-12-01
2413,2413,212,8,72,3,en,Average experience. order was decent but a bit pricey for the portion size.,2022-09-13
2414,2414,69,48,90,2,en,Disappointed with Williams LLC - the Lentil Soup arrived cold and the order took much longer than promised.,2022-01-15
2415,2415,404,1,15,2,en,Order was late and the courier never called when they couldn't find our building. Dish was barely warm.,2024-01-01
2416,2416,156,9,41,2,en,"Disappointed with Lowe, Ewing and Short - the Cheesecake arrived cold and the order took much longer than promised.",2024-08-02
2417,2417,340,31,62,1,en,Order was late and the courier never called when they couldn't find our building. Napolitana was barely warm.,2022-08-24
2418,2418,284,41,81,1,en,"The Dish from Peters, Golden and Ballard was soggy by the time it got to us. Not ordering from here again.",2024-07-31
2419,2419,342,9,66,5,en,Really happy with this order - Diavola was fresh and the courier kept us updated the whole way.,2024-08-03
2420,2420,263,5,73,1,en,Wrong items in the bag - we ordered Dish and got something else entirely. Refund requested. Courier was rude when we asked about the delay.,2022-10-01
2421,2421,186,15,34,3,en,"Delivery took about as long as the app estimated. Caesar Salad tasted fine, would order again if nothing closer is open.",2022-03-08
2422,2422,446,21,100,4,en,Fast delivery and the Vegan Chili arrived perfectly hot. Great job Duran PLC!,2022-02-01
2423,2423,231,39,29,2,en,Wrong items in the bag - we ordered Cobb Salad and got something else entirely. Refund requested. Courier was rude when we asked about the delay.,2023-06-13
2424,2424,331,49,82,1,en,Order was late and the courier never called when they couldn't find our building. Greek Salad was barely warm.,2022-09-25
2425,2425,255,50,10,5,en,"Really happy with this order - Caesar Salad was fresh and the courier kept us updated the whole way. Delivery driver even called ahead, nice touch.",2023-10-20
2426,2426,288,6,91,2,en,"Neal, Gomez and Watkins used to be reliable but the last few orders have been late and the Crème Brûlée portion has shrunk. Courier was rude when we asked about the delay.",2024-04-29
2427,2427,143,26,36,5,en,"Best Fettuccine Alfredo in the area, hands down. Lang PLC never disappoints.",2023-12-14
2428,2428,429,35,78,2,en,Ross Group used to be reliable but the last few orders have been late and the Lentil Soup portion has shrunk.,2024-10-04
2429,2429,250,25,97,3,en,Average experience. Penne Arrabbiata was decent but a bit pricey for the portion size.,2023-10-12
2430,2430,173,6,89,5,en,"Five stars. Neal, Gomez and Watkins nailed the Crème Brûlée again, still hot and packed carefully. Delivery driver even called ahead, nice touch.",2024-12-04
2431,2431,316,41,9,2,en,Wrong items in the bag - we ordered Lasagna and got something else entirely. Refund requested.,2023-11-24
2432,2432,305,33,30,5,en,"Best Double Beef Burger in the area, hands down. Murphy and Sons never disappoints.",2024-10-15
2433,2433,290,13,45,4,en,"Best Diavola in the area, hands down. Gallegos, Taylor and West never disappoints.",2022-08-02
2434,2434,347,27,36,2,en,The Caprese Salad from Rodriguez-Murray was soggy by the time it got to us. Not ordering from here again.,2023-10-18
2435,2435,456,9,99,2,en,"Disappointed with Lowe, Ewing and Short - the Cheesecake arrived cold and the order took much longer than promised.",2022-11-20
2436,2436,278,36,42,1,en,Disappointed with Sanders LLC - the Falafel Bowl arrived cold and the order took much longer than promised. Courier was rude when we asked about the delay.,2024-05-27
2437,2437,61,47,93,1,en,"Wrong items in the bag - we ordered Cobb Salad and got something else entirely. Refund requested. Had to track down the courier ourselves, no updates on the app.",2023-12-04
2438,2438,405,41,44,4,en,"Best Dish in the area, hands down. Peters, Golden and Ballard never disappoints.",2024-08-30
2439,2439,126,26,62,5,en,Really happy with this order - Fettuccine Alfredo was fresh and the courier kept us updated the whole way.,2022-10-27
2440,2440,175,10,33,5,en,"Best Prosciutto e Funghi in the area, hands down. Miles Group never disappoints.",2022-03-22
2441,2441,417,36,51,2,en,The Falafel Bowl from Sanders LLC was soggy by the time it got to us. Not ordering from here again.,2022-03-17
2442,2442,233,36,75,1,en,"The Falafel Bowl from Sanders LLC was soggy by the time it got to us. Not ordering from here again. Had to track down the courier ourselves, no updates on the app.",2023-07-16
2443,2443,137,4,55,2,en,"Wrong items in the bag - we ordered Quattro Formaggi and got something else entirely. Refund requested. Had to track down the courier ourselves, no updates on the app.",2024-12-11
2444,2444,224,25,41,4,en,Fast delivery and the Caprese Salad arrived perfectly hot. Great job Hill-Mckay!,2022-06-03
2445,2445,390,4,6,2,en,Order was late and the courier never called when they couldn't find our building. Quattro Formaggi was barely warm.,2022-11-03
2446,2446,138,9,13,4,en,"Really happy with this order - Diavola was fresh and the courier kept us updated the whole way. Delivery driver even called ahead, nice touch.",2023-04-11
2447,2447,291,4,2,3,en,"The Quattro Formaggi from Howell Group was fine, nothing special. Delivery was on time at least.",2023-01-09
2448,2448,221,16,30,3,en,"Nelson, Graham and Fields got the order right this time, Bacon Burger was okay, packaging could be better.",2023-11-09
2449,2449,182,16,20,5,en,"Five stars. Nelson, Graham and Fields nailed the Dish again, still hot and packed carefully.",2023-08-30
2450,2450,88,25,27,3,en,Average experience. Greek Salad was decent but a bit pricey for the portion size.,2023-11-08
2451,2451,293,48,79,2,en,Williams LLC used to be reliable but the last few orders have been late and the Dish portion has shrunk. Courier was rude when we asked about the delay.,2024-06-09
2452,2452,127,27,29,2,en,Order was late and the courier never called when they couldn't find our building. Grilled Vegetable Skewers was barely warm.,2023-05-22
2453,2453,470,15,36,1,en,The Caesar Salad from Cooper and Sons was soggy by the time it got to us. Not ordering from here again.,2022-01-07
2454,2454,297,39,50,4,en,"Five stars. Meyer-Carrillo nailed the Cobb Salad again, still hot and packed carefully.",2022-08-22
2455,2455,210,46,57,2,en,Smith Group used to be reliable but the last few orders have been late and the Cobb Salad portion has shrunk.,2022-06-14
2456,2456,385,25,3,1,en,Hill-Mckay used to be reliable but the last few orders have been late and the Greek Salad portion has shrunk.,2024-04-18
2457,2457,252,28,68,1,en,Order was late and the courier never called when they couldn't find our building. Pepperoni was barely warm.,2022-12-20
2458,2458,316,25,57,5,en,"Best Crème Brûlée in the area, hands down. Hill-Mckay never disappoints.",2022-08-14
2459,2459,40,39,90,4,en,"Five stars. Meyer-Carrillo nailed the Veggie Burger again, still hot and packed carefully.",2023-02-20
2460,2460,112,21,46,1,en,Duran PLC used to be reliable but the last few orders have been late and the Quattro Formaggi portion has shrunk.,2022-10-29
2461,2461,195,39,61,5,en,"Best Cobb Salad in the area, hands down. Meyer-Carrillo never disappoints.",2024-01-24
2462,2462,358,5,58,3,en,"Wallace, Ortiz and Murray got the order right this time, Diavola was okay, packaging could be better.",2024-05-27
2463,2463,177,24,49,2,en,"Bell, Williamson and Duncan used to be reliable but the last few orders have been late and the Diavola portion has shrunk.",2023-06-26
2464,2464,46,28,33,5,en,"Best Crème Brûlée in the area, hands down. Combs-Stone never disappoints. Delivery driver even called ahead, nice touch.",2022-09-09
2465,2465,246,11,22,4,en,Fast delivery and the Tofu Stir-Fry arrived perfectly hot. Great job Dominguez-Short!,2024-07-26
2466,2466,272,13,5,3,en,"Delivery took about as long as the app estimated. Dish tasted fine, would order again if nothing closer is open.",2023-02-06
2467,2467,363,11,12,1,en,"The Tofu Stir-Fry from Dominguez-Short was soggy by the time it got to us. Not ordering from here again. Had to track down the courier ourselves, no updates on the app.",2024-02-03
2468,2468,41,34,33,4,en,"Really happy with this order - Vegan Buddha Bowl was fresh and the courier kept us updated the whole way. Delivery driver even called ahead, nice touch.",2022-06-16
2469,2469,143,12,30,2,en,"Cruz, Jackson and Kane used to be reliable but the last few orders have been late and the Dish portion has shrunk.",2022-12-08
2470,2470,119,6,80,4,en,"Best Tiramisu in the area, hands down. Neal, Gomez and Watkins never disappoints.",2023-09-23
2471,2471,281,31,55,5,en,"Fast delivery and the Napolitana arrived perfectly hot. Great job Johnson, Roberts and Smith!",2022-09-19
2472,2472,365,5,9,4,en,Really happy with this order - Dish was fresh and the courier kept us updated the whole way.,2022-10-25
2473,2473,64,50,60,2,en,Wrong items in the bag - we ordered Dish and got something else entirely. Refund requested. Courier was rude when we asked about the delay.,2024-04-16
2474,2474,274,12,32,4,en,"Five stars. Cruz, Jackson and Kane nailed the Dish again, still hot and packed carefully. Delivery driver even called ahead, nice touch.",2022-12-25
2475,2475,263,2,65,3,en,"Jackson, Walters and Michael got the order right this time, Dish was okay, packaging could be better.",2024-09-10
2476,2476,86,4,61,1,en,Disappointed with Howell Group - the Quattro Formaggi arrived cold and the order took much longer than promised. Courier was rude when we asked about the delay.,2024-07-18
2477,2477,428,24,74,2,en,Wrong items in the bag - we ordered Diavola and got something else entirely. Refund requested.,2023-05-22
2478,2478,364,8,92,5,en,"Best order in the area, hands down. Bell-Jimenez never disappoints.",2022-06-30
2479,2479,194,9,1,3,en,"Delivery took about as long as the app estimated. Diavola tasted fine, would order again if nothing closer is open.",2023-05-22
2480,2480,387,26,71,3,en,"The Fettuccine Alfredo from Lang PLC was fine, nothing special. Delivery was on time at least.",2024-03-07
2481,2481,493,42,67,3,en,Average experience. Diavola was decent but a bit pricey for the portion size.,2024-05-12
2482,2482,269,27,22,1,en,Rodriguez-Murray used to be reliable but the last few orders have been late and the Grilled Vegetable Skewers portion has shrunk. Courier was rude when we asked about the delay.,2024-08-01
2483,2483,106,5,77,1,en,Wrong items in the bag - we ordered Greek Salad and got something else entirely. Refund requested.,2024-07-12
2484,2484,463,27,49,1,en,"Rodriguez-Murray used to be reliable but the last few orders have been late and the Grilled Vegetable Skewers portion has shrunk. Had to track down the courier ourselves, no updates on the app.",2022-11-25
2485,2485,250,13,97,3,en,"Gallegos, Taylor and West got the order right this time, Chocolate Brownie was okay, packaging could be better.",2022-08-28
2486,2486,443,38,98,1,en,Wrong items in the bag - we ordered Bacon Burger and got something else entirely. Refund requested.,2023-12-16
2487,2487,126,10,3,1,en,Wrong items in the bag - we ordered Dish and got something else entirely. Refund requested. Courier was rude when we asked about the delay.,2024-09-20
2488,2488,205,30,92,5,en,"Five stars. Rodriguez, James and Frank nailed the Dish again, still hot and packed carefully.",2023-02-14
2489,2489,67,27,7,1,en,The Grilled Vegetable Skewers from Rodriguez-Murray was soggy by the time it got to us. Not ordering from here again.,2024-11-04
2490,2490,192,4,45,5,en,Really happy with this order - Quattro Formaggi was fresh and the courier kept us updated the whole way.,2024-09-26
2491,2491,307,19,46,3,en,Average experience. Grilled Vegetable Skewers was decent but a bit pricey for the portion size.,2023-08-28
2492,2492,35,23,43,5,en,"The Bacon Burger from Ellis, Parks and Jimenez was excellent and the courier was friendly and quick. Will order again! Courier was polite and on time.",2022-12-10
2493,2493,6,7,19,3,en,"Castaneda, Day and Weaver got the order right this time, Spaghetti Carbonara was okay, packaging could be better.",2023-09-09
2494,2494,261,14,81,2,en,The order from Jensen-Watkins was soggy by the time it got to us. Not ordering from here again.,2023-02-14
2495,2495,172,40,59,2,en,"Order was late and the courier never called when they couldn't find our building. Caprese Salad was barely warm. Had to track down the courier ourselves, no updates on the app.",2023-11-14
2496,2496,27,34,75,4,en,Fast delivery and the Vegan Buddha Bowl arrived perfectly hot. Great job Houston Inc!,2024-08-27
2497,2497,391,33,5,2,en,Wrong items in the bag - we ordered Double Beef Burger and got something else entirely. Refund requested.,2024-05-05
2498,2498,496,10,49,2,en,The Dish from Miles Group was soggy by the time it got to us. Not ordering from here again. Courier was rude when we asked about the delay.,2023-12-27
2499,2499,370,41,35,1,en,"Wrong items in the bag - we ordered Classic Cheeseburger and got something else entirely. Refund requested. Had to track down the courier ourselves, no updates on the app.",2022-06-06
2500,2500,316,25,36,1,en,Wrong items in the bag - we ordered Crème Brûlée and got something else entirely. Refund requested.,2022-08-30
